transaction_id,complaint_ack_id,source_account,target_account,amount,timestamp,hop_level,transaction_type,status
TXN_100000,ACK20260900001,VIC_ACC_0288,MUL1_ACC_0036,55639.0,2026-08-07T11:49:18,1,UPI,SUCCESS
TXN_100001,ACK20260900001,MUL1_ACC_0036,CASH_ATM_ATM_0025,50790.97,2026-08-07T12:19:18,3,ATM_CASH_WITHDRAWAL,COMPLETED
TXN_100002,ACK20260900002,VIC_ACC_0192,MUL1_ACC_0065,31090.0,2026-08-26T10:36:23,1,UPI,SUCCESS
TXN_100003,ACK20260900002,MUL1_ACC_0065,MUL2_ACC_0009,28926.03,2026-08-26T10:59:23,2,IMPS,SUCCESS
TXN_100004,ACK20260900002,MUL2_ACC_0009,CASH_ATM_ATM_0116,27355.31,2026-08-26T11:59:51.875463,3,ATM_CASH_WITHDRAWAL,COMPLETED
TXN_100005,ACK20260900003,VIC_ACC_0264,MUL1_ACC_0076,41299.0,2026-08-05T11:05:39,1,UPI,SUCCESS
TXN_100006,ACK20260900003,MUL1_ACC_0076,MUL2_ACC_0033,38031.17,2026-08-05T11:38:39,2,IMPS,SUCCESS
TXN_100007,ACK20260900003,MUL2_ACC_0033,CASH_ATM_ATM_0066,36034.13,2026-08-05T22:29:15.104082,3,ATM_CASH_WITHDRAWAL,COMPLETED
TXN_100008,ACK20260900004,VIC_ACC_0170,MUL1_ACC_0084,8492.0,2026-08-22T03:39:37,1,UPI,SUCCESS
TXN_100009,ACK20260900004,MUL1_ACC_0084,CASH_ATM_ATM_0053,8255.41,2026-08-22T04:39:23.732283,3,ATM_CASH_WITHDRAWAL,COMPLETED
TXN_100010,ACK20260900005,VIC_ACC_0088,MUL1_ACC_0005,127477.0,2026-08-17T20:56:39,1,UPI,SUCCESS
TXN_100011,ACK20260900005,MUL1_ACC_0005,CASH_ATM_ATM_0027,117161.36,2026-08-17T23:11:38.085890,3,ATM_CASH_WITHDRAWAL,COMPLETED
TXN_100012,ACK20260900006,VIC_ACC_0215,MUL1_ACC_0008,313097.0,2026-08-05T13:56:13,1,UPI,SUCCESS
TXN_100013,ACK20260900006,MUL1_ACC_0008,MUL2_ACC_0014,297383.38,2026-08-05T14:18:13,2,IMPS,SUCCESS
TXN_100014,ACK20260900006,MUL2_ACC_0014,CASH_ATM_ATM_0111,283271.86,2026-08-05T16:17:41.129054,3,ATM_CASH_WITHDRAWAL,COMPLETED
TXN_100015,ACK20260900007,VIC_ACC_0089,MUL1_ACC_0032,39650.0,2026-08-15T17:26:34,1,UPI,SUCCESS
TXN_100016,ACK20260900007,MUL1_ACC_0032,MUL2_ACC_0015,36760.21,2026-08-15T17:47:34,2,IMPS,SUCCESS
TXN_100017,ACK20260900007,MUL2_ACC_0015,CASH_ATM_ATM_0046,35621.53,2026-08-15T19:26:08.238459,3,ATM_CASH_WITHDRAWAL,COMPLETED
TXN_100018,ACK20260900008,VIC_ACC_0246,MUL1_ACC_0070,200884.0,2026-08-12T18:06:59,1,UPI,SUCCESS
TXN_100019,ACK20260900008,MUL1_ACC_0070,CASH_ATM_ATM_0091,197235.49,2026-08-12T18:44:19.946146,3,ATM_CASH_WITHDRAWAL,COMPLETED
TXN_100020,ACK20260900009,VIC_ACC_0075,MUL1_ACC_0062,50398.0,2026-08-10T01:22:45,1,UPI,SUCCESS
TXN_100021,ACK20260900009,MUL1_ACC_0062,MUL2_ACC_0035,47540.55,2026-08-10T01:41:45,2,IMPS,SUCCESS
TXN_100022,ACK20260900009,MUL2_ACC_0035,CASH_ATM_ATM_0059,43439.1,2026-08-10T11:33:22.418738,3,ATM_CASH_WITHDRAWAL,COMPLETED
TXN_100023,ACK20260900010,VIC_ACC_0123,MUL1_ACC_0013,49579.0,2026-08-08T01:49:57,1,UPI,SUCCESS
TXN_100024,ACK20260900010,MUL1_ACC_0013,MUL2_ACC_0031,45519.43,2026-08-08T01:57:57,2,IMPS,SUCCESS
TXN_100025,ACK20260900010,MUL2_ACC_0031,CASH_ATM_ATM_0033,40991.07,2026-08-08T04:43:36.060943,3,ATM_CASH_WITHDRAWAL,COMPLETED
TXN_100026,ACK20260900011,VIC_ACC_0081,MUL1_ACC_0042,300320.0,2026-08-14T21:04:56,1,UPI,SUCCESS
TXN_100027,ACK20260900011,MUL1_ACC_0042,MUL2_ACC_0006,271343.69,2026-08-14T21:20:56,2,IMPS,SUCCESS
TXN_100028,ACK20260900011,MUL2_ACC_0006,CASH_ATM_ATM_0012,268989.23,2026-08-14T21:50:56,3,ATM_CASH_WITHDRAWAL,COMPLETED
TXN_100029,ACK20260900012,VIC_ACC_0091,MUL1_ACC_0005,29420.0,2026-08-30T01:54:25,1,UPI,SUCCESS
TXN_100030,ACK20260900012,MUL1_ACC_0005,MUL2_ACC_0007,25844.18,2026-08-30T02:17:25,2,IMPS,SUCCESS
TXN_100031,ACK20260900012,MUL2_ACC_0007,CASH_ATM_ATM_0117,24536.24,2026-08-30T06:27:58.758146,3,ATM_CASH_WITHDRAWAL,COMPLETED
TXN_100032,ACK20260900013,VIC_ACC_0259,MUL1_ACC_0083,48343.0,2026-08-15T08:17:51,1,UPI,SUCCESS
TXN_100033,ACK20260900013,MUL1_ACC_0083,MUL2_ACC_0001,44914.36,2026-08-15T08:40:51,2,IMPS,SUCCESS
TXN_100034,ACK20260900013,MUL2_ACC_0001,CASH_ATM_ATM_0043,41211.15,2026-08-15T09:50:25.806665,3,ATM_CASH_WITHDRAWAL,COMPLETED
TXN_100035,ACK20260900014,VIC_ACC_0208,MUL1_ACC_0018,57538.0,2026-08-27T13:40:20,1,UPI,SUCCESS
TXN_100036,ACK20260900014,MUL1_ACC_0018,MUL2_ACC_0016,50407.81,2026-08-27T13:42:20,2,IMPS,SUCCESS
TXN_100037,ACK20260900014,MUL2_ACC_0016,CASH_ATM_ATM_0054,47618.92,2026-08-27T18:56:54.226742,3,ATM_CASH_WITHDRAWAL,COMPLETED
TXN_100038,ACK20260900015,VIC_ACC_0169,MUL1_ACC_0008,39282.0,2026-08-10T18:57:36,1,UPI,SUCCESS
TXN_100039,ACK20260900015,MUL1_ACC_0008,MUL2_ACC_0020,34982.26,2026-08-10T19:09:36,2,IMPS,SUCCESS
TXN_100040,ACK20260900015,MUL2_ACC_0020,CASH_ATM_ATM_0117,34713.27,2026-08-11T00:01:27.287428,3,ATM_CASH_WITHDRAWAL,COMPLETED
TXN_100041,ACK20260900016,VIC_ACC_0160,MUL1_ACC_0018,53174.0,2026-08-23T03:48:58,1,UPI,SUCCESS
TXN_100042,ACK20260900016,MUL1_ACC_0018,MUL2_ACC_0024,48930.4,2026-08-23T04:16:58,2,IMPS,SUCCESS
TXN_100043,ACK20260900016,MUL2_ACC_0024,CASH_ATM_ATM_0109,47743.11,2026-08-23T10:24:44.790225,3,ATM_CASH_WITHDRAWAL,COMPLETED
TXN_100044,ACK20260900017,VIC_ACC_0112,MUL1_ACC_0047,15730.0,2026-08-25T07:45:48,1,UPI,SUCCESS
TXN_100045,ACK20260900017,MUL1_ACC_0047,CASH_ATM_ATM_0025,14254.15,2026-08-25T18:17:28.164205,3,ATM_CASH_WITHDRAWAL,COMPLETED
TXN_100046,ACK20260900018,VIC_ACC_0259,MUL1_ACC_0015,222028.0,2026-08-07T18:45:09,1,UPI,SUCCESS
TXN_100047,ACK20260900018,MUL1_ACC_0015,MUL2_ACC_0032,208681.66,2026-08-07T18:52:09,2,IMPS,SUCCESS
TXN_100048,ACK20260900018,MUL2_ACC_0032,CASH_ATM_ATM_0104,204689.41,2026-08-07T20:15:49.927815,3,ATM_CASH_WITHDRAWAL,COMPLETED
TXN_100049,ACK20260900019,VIC_ACC_0263,MUL1_ACC_0003,292419.0,2026-08-14T14:43:03,1,UPI,SUCCESS
TXN_100050,ACK20260900019,MUL1_ACC_0003,MUL2_ACC_0001,265467.07,2026-08-14T14:58:03,2,IMPS,SUCCESS
TXN_100051,ACK20260900019,MUL2_ACC_0001,CASH_ATM_ATM_0012,250168.13,2026-08-14T15:28:03,3,ATM_CASH_WITHDRAWAL,COMPLETED
TXN_100052,ACK20260900020,VIC_ACC_0278,MUL1_ACC_0083,57629.0,2026-08-02T03:11:30,1,UPI,SUCCESS
TXN_100053,ACK20260900020,MUL1_ACC_0083,MUL2_ACC_0027,54706.38,2026-08-02T03:36:30,2,IMPS,SUCCESS
TXN_100054,ACK20260900020,MUL2_ACC_0027,CASH_ATM_ATM_0087,51689.53,2026-08-02T11:15:41.395169,3,ATM_CASH_WITHDRAWAL,COMPLETED
TXN_100055,ACK20260900021,VIC_ACC_0194,MUL1_ACC_0016,22431.0,2026-08-13T02:46:42,1,UPI,SUCCESS
TXN_100056,ACK20260900021,MUL1_ACC_0016,CASH_ATM_ATM_0089,21374.15,2026-08-13T06:08:54.611565,3,ATM_CASH_WITHDRAWAL,COMPLETED
TXN_100057,ACK20260900022,VIC_ACC_0115,MUL1_ACC_0055,80686.0,2026-08-27T00:57:01,1,UPI,SUCCESS
TXN_100058,ACK20260900022,MUL1_ACC_0055,MUL2_ACC_0015,72299.7,2026-08-27T01:14:01,2,IMPS,SUCCESS
TXN_100059,ACK20260900022,MUL2_ACC_0015,CASH_ATM_ATM_0033,67062.67,2026-08-27T01:44:01,3,ATM_CASH_WITHDRAWAL,COMPLETED
TXN_100060,ACK20260900023,VIC_ACC_0058,MUL1_ACC_0077,36544.0,2026-08-02T21:27:39,1,UPI,SUCCESS
TXN_100061,ACK20260900023,MUL1_ACC_0077,MUL2_ACC_0004,33768.63,2026-08-02T21:44:39,2,IMPS,SUCCESS
TXN_100062,ACK20260900023,MUL2_ACC_0004,CASH_ATM_ATM_0085,31874.08,2026-08-03T02:59:54.656010,3,ATM_CASH_WITHDRAWAL,COMPLETED
TXN_100063,ACK20260900024,VIC_ACC_0029,MUL1_ACC_0042,217197.0,2026-08-05T16:22:14,1,UPI,SUCCESS
TXN_100064,ACK20260900024,MUL1_ACC_0042,MUL2_ACC_0010,189418.43,2026-08-05T16:57:14,2,IMPS,SUCCESS
TXN_100065,ACK20260900024,MUL2_ACC_0010,CASH_ATM_ATM_0067,175688.51,2026-08-05T19:10:01.665057,3,ATM_CASH_WITHDRAWAL,COMPLETED
TXN_100066,ACK20260900025,VIC_ACC_0090,MUL1_ACC_0049,74580.0,2026-08-21T21:40:35,1,UPI,SUCCESS
TXN_100067,ACK20260900025,MUL1_ACC_0049,MUL2_ACC_0027,64505.86,2026-08-21T22:08:35,2,IMPS,SUCCESS
TXN_100068,ACK20260900025,MUL2_ACC_0027,CASH_ATM_ATM_0086,59241.4,2026-08-22T09:36:16.474635,3,ATM_CASH_WITHDRAWAL,COMPLETED
TXN_100069,ACK20260900026,VIC_ACC_0124,MUL1_ACC_0072,472458.0,2026-08-28T07:26:54,1,UPI,SUCCESS
TXN_100070,ACK20260900026,MUL1_ACC_0072,CASH_ATM_ATM_0115,431547.52,2026-08-28T19:00:30.163339,3,ATM_CASH_WITHDRAWAL,COMPLETED
TXN_100071,ACK20260900027,VIC_ACC_0105,MUL1_ACC_0007,53637.0,2026-08-11T20:10:59,1,UPI,SUCCESS
TXN_100072,ACK20260900027,MUL1_ACC_0007,MUL2_ACC_0003,46600.7,2026-08-11T20:16:59,2,IMPS,SUCCESS
TXN_100073,ACK20260900027,MUL2_ACC_0003,CASH_ATM_ATM_0049,44174.64,2026-08-12T08:28:32.047788,3,ATM_CASH_WITHDRAWAL,COMPLETED
TXN_100074,ACK20260900028,VIC_ACC_0171,MUL1_ACC_0032,20376.0,2026-08-10T00:25:59,1,UPI,SUCCESS
TXN_100075,ACK20260900028,MUL1_ACC_0032,MUL2_ACC_0014,19184.26,2026-08-10T00:52:59,2,IMPS,SUCCESS
TXN_100076,ACK20260900028,MUL2_ACC_0014,CASH_ATM_ATM_0075,18753.6,2026-08-10T04:20:23.694580,3,ATM_CASH_WITHDRAWAL,COMPLETED
TXN_100077,ACK20260900029,VIC_ACC_0274,MUL1_ACC_0061,318863.0,2026-08-21T11:32:16,1,UPI,SUCCESS
TXN_100078,ACK20260900029,MUL1_ACC_0061,CASH_ATM_ATM_0045,298797.11,2026-08-21T12:40:29.405091,3,ATM_CASH_WITHDRAWAL,COMPLETED
TXN_100079,ACK20260900030,VIC_ACC_0289,MUL1_ACC_0054,186720.0,2026-08-28T07:52:09,1,UPI,SUCCESS
TXN_100080,ACK20260900030,MUL1_ACC_0054,MUL2_ACC_0022,165804.37,2026-08-28T08:08:09,2,IMPS,SUCCESS
TXN_100081,ACK20260900030,MUL2_ACC_0022,CASH_ATM_ATM_0053,157502.57,2026-08-28T08:38:09,3,ATM_CASH_WITHDRAWAL,COMPLETED
TXN_100082,ACK20260900031,VIC_ACC_0173,MUL1_ACC_0022,80401.0,2026-08-09T15:49:41,1,UPI,SUCCESS
TXN_100083,ACK20260900031,MUL1_ACC_0022,MUL2_ACC_0032,75712.81,2026-08-09T16:02:41,2,IMPS,SUCCESS
TXN_100084,ACK20260900031,MUL2_ACC_0032,CASH_ATM_ATM_0120,75639.55,2026-08-09T20:05:05.552754,3,ATM_CASH_WITHDRAWAL,COMPLETED
TXN_100085,ACK20260900032,VIC_ACC_0269,MUL1_ACC_0030,5836.0,2026-08-02T02:54:42,1,UPI,SUCCESS
TXN_100086,ACK20260900032,MUL1_ACC_0030,MUL2_ACC_0001,5255.75,2026-08-02T03:09:42,2,IMPS,SUCCESS
TXN_100087,ACK20260900032,MUL2_ACC_0001,CASH_ATM_ATM_0080,4761.95,2026-08-02T10:11:52.943989,3,ATM_CASH_WITHDRAWAL,COMPLETED
TXN_100088,ACK20260900033,VIC_ACC_0248,MUL1_ACC_0068,92305.0,2026-08-22T15:13:00,1,UPI,SUCCESS
TXN_100089,ACK20260900033,MUL1_ACC_0068,MUL2_ACC_0019,83094.96,2026-08-22T15:16:00,2,IMPS,SUCCESS
TXN_100090,ACK20260900033,MUL2_ACC_0019,CASH_ATM_ATM_0094,81484.31,2026-08-23T03:31:46.727785,3,ATM_CASH_WITHDRAWAL,COMPLETED
TXN_100091,ACK20260900034,VIC_ACC_0055,MUL1_ACC_0046,30156.0,2026-08-30T03:38:09,1,UPI,SUCCESS
TXN_100092,ACK20260900034,MUL1_ACC_0046,MUL2_ACC_0006,28525.46,2026-08-30T04:03:09,2,IMPS,SUCCESS
TXN_100093,ACK20260900034,MUL2_ACC_0006,CASH_ATM_ATM_0102,27284.61,2026-08-30T05:10:13.300041,3,ATM_CASH_WITHDRAWAL,COMPLETED
TXN_100094,ACK20260900035,VIC_ACC_0116,MUL1_ACC_0049,9152.0,2026-08-10T22:01:54,1,UPI,SUCCESS
TXN_100095,ACK20260900035,MUL1_ACC_0049,MUL2_ACC_0001,7854.87,2026-08-10T22:13:54,2,IMPS,SUCCESS
TXN_100096,ACK20260900035,MUL2_ACC_0001,CASH_ATM_ATM_0098,7575.95,2026-08-11T00:19:39.218025,3,ATM_CASH_WITHDRAWAL,COMPLETED
TXN_100097,ACK20260900036,VIC_ACC_0049,MUL1_ACC_0061,32710.0,2026-08-29T17:03:02,1,UPI,SUCCESS
TXN_100098,ACK20260900036,MUL1_ACC_0061,MUL2_ACC_0005,30745.15,2026-08-29T17:22:02,2,IMPS,SUCCESS
TXN_100099,ACK20260900036,MUL2_ACC_0005,CASH_ATM_ATM_0013,28222.06,2026-08-29T18:55:09.097825,3,ATM_CASH_WITHDRAWAL,COMPLETED
TXN_100100,ACK20260900037,VIC_ACC_0009,MUL1_ACC_0031,15084.0,2026-08-31T06:47:09,1,UPI,SUCCESS
TXN_100101,ACK20260900037,MUL1_ACC_0031,CASH_ATM_ATM_0086,14596.84,2026-08-31T09:21:21.304241,3,ATM_CASH_WITHDRAWAL,COMPLETED
TXN_100102,ACK20260900038,VIC_ACC_0197,MUL1_ACC_0013,312559.0,2026-08-25T23:15:50,1,UPI,SUCCESS
TXN_100103,ACK20260900038,MUL1_ACC_0013,MUL2_ACC_0005,284590.24,2026-08-25T23:38:50,2,IMPS,SUCCESS
TXN_100104,ACK20260900038,MUL2_ACC_0005,CASH_ATM_ATM_0089,283705.75,2026-08-26T01:27:19.756156,3,ATM_CASH_WITHDRAWAL,COMPLETED
TXN_100105,ACK20260900039,VIC_ACC_0140,MUL1_ACC_0075,54207.0,2026-08-26T14:42:14,1,UPI,SUCCESS
TXN_100106,ACK20260900039,MUL1_ACC_0075,MUL2_ACC_0019,49941.5,2026-08-26T14:59:14,2,IMPS,SUCCESS
TXN_100107,ACK20260900039,MUL2_ACC_0019,CASH_ATM_ATM_0017,46285.64,2026-08-26T15:30:01.318145,3,ATM_CASH_WITHDRAWAL,COMPLETED
TXN_100108,ACK20260900040,VIC_ACC_0079,MUL1_ACC_0047,97983.0,2026-08-24T12:33:23,1,UPI,SUCCESS
TXN_100109,ACK20260900040,MUL1_ACC_0047,MUL2_ACC_0009,85121.67,2026-08-24T12:40:23,2,IMPS,SUCCESS
TXN_100110,ACK20260900040,MUL2_ACC_0009,CASH_ATM_ATM_0105,81350.65,2026-08-24T14:10:17.092942,3,ATM_CASH_WITHDRAWAL,COMPLETED
TXN_100111,ACK20260900041,VIC_ACC_0053,MUL1_ACC_0050,362960.0,2026-08-01T02:23:35,1,UPI,SUCCESS
TXN_100112,ACK20260900041,MUL1_ACC_0050,MUL2_ACC_0025,334824.93,2026-08-01T02:30:35,2,IMPS,SUCCESS
TXN_100113,ACK20260900041,MUL2_ACC_0025,CASH_ATM_ATM_0053,320493.1,2026-08-01T09:27:02.572110,3,ATM_CASH_WITHDRAWAL,COMPLETED
TXN_100114,ACK20260900042,VIC_ACC_0195,MUL1_ACC_0056,69634.0,2026-08-06T04:22:19,1,UPI,SUCCESS
TXN_100115,ACK20260900042,MUL1_ACC_0056,MUL2_ACC_0031,61703.56,2026-08-06T04:28:19,2,IMPS,SUCCESS
TXN_100116,ACK20260900042,MUL2_ACC_0031,CASH_ATM_ATM_0050,59981.41,2026-08-06T18:10:11.029030,3,ATM_CASH_WITHDRAWAL,COMPLETED
TXN_100117,ACK20260900043,VIC_ACC_0101,MUL1_ACC_0049,257456.0,2026-08-15T03:21:19,1,UPI,SUCCESS
TXN_100118,ACK20260900043,MUL1_ACC_0049,CASH_ATM_ATM_0100,240328.38,2026-08-15T03:51:19,3,ATM_CASH_WITHDRAWAL,COMPLETED
TXN_100119,ACK20260900044,VIC_ACC_0070,MUL1_ACC_0041,67784.0,2026-08-10T10:43:44,1,UPI,SUCCESS
TXN_100120,ACK20260900044,MUL1_ACC_0041,MUL2_ACC_0032,59825.39,2026-08-10T11:00:44,2,IMPS,SUCCESS
TXN_100121,ACK20260900044,MUL2_ACC_0032,CASH_ATM_ATM_0058,58727.56,2026-08-10T13:15:38.002385,3,ATM_CASH_WITHDRAWAL,COMPLETED
TXN_100122,ACK20260900045,VIC_ACC_0059,MUL1_ACC_0004,144333.0,2026-08-30T18:24:37,1,UPI,SUCCESS
TXN_100123,ACK20260900045,MUL1_ACC_0004,MUL2_ACC_0014,134196.28,2026-08-30T18:54:37,2,IMPS,SUCCESS
TXN_100124,ACK20260900045,MUL2_ACC_0014,CASH_ATM_ATM_0019,131766.87,2026-08-30T19:35:31.628900,3,ATM_CASH_WITHDRAWAL,COMPLETED
TXN_100125,ACK20260900046,VIC_ACC_0210,MUL1_ACC_0055,36722.0,2026-08-22T15:21:40,1,UPI,SUCCESS
TXN_100126,ACK20260900046,MUL1_ACC_0055,MUL2_ACC_0029,33351.82,2026-08-22T15:53:40,2,IMPS,SUCCESS
TXN_100127,ACK20260900046,MUL2_ACC_0029,CASH_ATM_ATM_0114,33096.66,2026-08-22T19:59:52.963669,3,ATM_CASH_WITHDRAWAL,COMPLETED
TXN_100128,ACK20260900047,VIC_ACC_0215,MUL1_ACC_0085,16138.0,2026-08-18T02:01:23,1,UPI,SUCCESS
TXN_100129,ACK20260900047,MUL1_ACC_0085,MUL2_ACC_0003,15277.54,2026-08-18T02:28:23,2,IMPS,SUCCESS
TXN_100130,ACK20260900047,MUL2_ACC_0003,CASH_ATM_ATM_0077,15225.16,2026-08-18T08:12:58.783309,3,ATM_CASH_WITHDRAWAL,COMPLETED
TXN_100131,ACK20260900048,VIC_ACC_0006,MUL1_ACC_0029,342549.0,2026-08-04T08:22:32,1,UPI,SUCCESS
TXN_100132,ACK20260900048,MUL1_ACC_0029,MUL2_ACC_0030,296330.4,2026-08-04T08:56:32,2,IMPS,SUCCESS
TXN_100133,ACK20260900048,MUL2_ACC_0030,CASH_ATM_ATM_0004,281003.33,2026-08-04T11:15:41.548315,3,ATM_CASH_WITHDRAWAL,COMPLETED
TXN_100134,ACK20260900049,VIC_ACC_0044,MUL1_ACC_0067,49966.0,2026-08-04T23:17:22,1,UPI,SUCCESS
TXN_100135,ACK20260900049,MUL1_ACC_0067,MUL2_ACC_0007,46078.61,2026-08-04T23:47:22,2,IMPS,SUCCESS
TXN_100136,ACK20260900049,MUL2_ACC_0007,CASH_ATM_ATM_0101,42940.24,2026-08-05T00:17:22,3,ATM_CASH_WITHDRAWAL,COMPLETED
TXN_100137,ACK20260900050,VIC_ACC_0059,MUL1_ACC_0021,36970.0,2026-08-01T10:47:06,1,UPI,SUCCESS
TXN_100138,ACK20260900050,MUL1_ACC_0021,MUL2_ACC_0030,34373.8,2026-08-01T11:03:06,2,IMPS,SUCCESS
TXN_100139,ACK20260900050,MUL2_ACC_0030,CASH_ATM_ATM_0039,31577.1,2026-08-01T13:42:36.071730,3,ATM_CASH_WITHDRAWAL,COMPLETED
TXN_100140,ACK20260900051,VIC_ACC_0203,MUL1_ACC_0001,78926.0,2026-08-01T23:51:56,1,UPI,SUCCESS
TXN_100141,ACK20260900051,MUL1_ACC_0001,MUL2_ACC_0018,71643.88,2026-08-01T23:57:56,2,IMPS,SUCCESS
TXN_100142,ACK20260900051,MUL2_ACC_0018,CASH_ATM_ATM_0039,67100.18,2026-08-02T01:03:48.300110,3,ATM_CASH_WITHDRAWAL,COMPLETED
TXN_100143,ACK20260900052,VIC_ACC_0059,MUL1_ACC_0051,46078.0,2026-08-09T22:05:31,1,UPI,SUCCESS
TXN_100144,ACK20260900052,MUL1_ACC_0051,MUL2_ACC_0023,42010.98,2026-08-09T22:36:31,2,IMPS,SUCCESS
TXN_100145,ACK20260900052,MUL2_ACC_0023,CASH_ATM_ATM_0067,41669.36,2026-08-09T23:59:50.040301,3,ATM_CASH_WITHDRAWAL,COMPLETED
TXN_100146,ACK20260900053,VIC_ACC_0069,MUL1_ACC_0066,145968.0,2026-08-11T03:22:19,1,UPI,SUCCESS
TXN_100147,ACK20260900053,MUL1_ACC_0066,MUL2_ACC_0009,130247.81,2026-08-11T03:48:19,2,IMPS,SUCCESS
TXN_100148,ACK20260900053,MUL2_ACC_0009,CASH_ATM_ATM_0107,125500.3,2026-08-11T04:18:19,3,ATM_CASH_WITHDRAWAL,COMPLETED
TXN_100149,ACK20260900054,VIC_ACC_0089,MUL1_ACC_0080,44523.0,2026-08-18T05:32:18,1,UPI,SUCCESS
TXN_100150,ACK20260900054,MUL1_ACC_0080,CASH_ATM_ATM_0002,42228.32,2026-08-18T06:02:18,3,ATM_CASH_WITHDRAWAL,COMPLETED
TXN_100151,ACK20260900055,VIC_ACC_0197,MUL1_ACC_0057,58626.0,2026-08-31T17:40:41,1,UPI,SUCCESS
TXN_100152,ACK20260900055,MUL1_ACC_0057,MUL2_ACC_0002,51544.51,2026-08-31T17:56:41,2,IMPS,SUCCESS
TXN_100153,ACK20260900055,MUL2_ACC_0002,CASH_ATM_ATM_0061,47549.0,2026-08-31T19:29:07.605172,3,ATM_CASH_WITHDRAWAL,COMPLETED
TXN_100154,ACK20260900056,VIC_ACC_0235,MUL1_ACC_0035,71952.0,2026-08-20T00:02:49,1,UPI,SUCCESS
TXN_100155,ACK20260900056,MUL1_ACC_0035,MUL2_ACC_0024,66627.58,2026-08-20T00:06:49,2,IMPS,SUCCESS
TXN_100156,ACK20260900056,MUL2_ACC_0024,CASH_ATM_ATM_0105,63605.04,2026-08-20T00:41:39.192487,3,ATM_CASH_WITHDRAWAL,COMPLETED
TXN_100157,ACK20260900057,VIC_ACC_0053,MUL1_ACC_0012,9224.0,2026-08-24T20:56:15,1,UPI,SUCCESS
TXN_100158,ACK20260900057,MUL1_ACC_0012,CASH_ATM_ATM_0024,9017.04,2026-08-24T21:36:14.070664,3,ATM_CASH_WITHDRAWAL,COMPLETED
TXN_100159,ACK20260900058,VIC_ACC_0180,MUL1_ACC_0027,26755.0,2026-08-28T22:52:40,1,UPI,SUCCESS
TXN_100160,ACK20260900058,MUL1_ACC_0027,MUL2_ACC_0023,24338.64,2026-08-28T23:11:40,2,IMPS,SUCCESS
TXN_100161,ACK20260900058,MUL2_ACC_0023,CASH_ATM_ATM_0039,22692.5,2026-08-29T06:12:58.675181,3,ATM_CASH_WITHDRAWAL,COMPLETED
TXN_100162,ACK20260900059,VIC_ACC_0149,MUL1_ACC_0008,37771.0,2026-08-19T08:59:32,1,UPI,SUCCESS
TXN_100163,ACK20260900059,MUL1_ACC_0008,CASH_ATM_ATM_0034,36643.26,2026-08-19T18:16:06.852196,3,ATM_CASH_WITHDRAWAL,COMPLETED
TXN_100164,ACK20260900060,VIC_ACC_0075,MUL1_ACC_0035,69154.0,2026-08-23T11:04:15,1,UPI,SUCCESS
TXN_100165,ACK20260900060,MUL1_ACC_0035,MUL2_ACC_0029,63162.69,2026-08-23T11:10:15,2,IMPS,SUCCESS
TXN_100166,ACK20260900060,MUL2_ACC_0029,CASH_ATM_ATM_0015,59390.93,2026-08-23T11:53:44.182575,3,ATM_CASH_WITHDRAWAL,COMPLETED
TXN_100167,ACK20260900061,VIC_ACC_0189,MUL1_ACC_0059,133889.0,2026-08-15T15:31:37,1,UPI,SUCCESS
TXN_100168,ACK20260900061,MUL1_ACC_0059,MUL2_ACC_0023,124458.9,2026-08-15T15:37:37,2,IMPS,SUCCESS
TXN_100169,ACK20260900061,MUL2_ACC_0023,CASH_ATM_ATM_0090,114724.1,2026-08-15T16:07:37,3,ATM_CASH_WITHDRAWAL,COMPLETED
TXN_100170,ACK20260900062,VIC_ACC_0109,MUL1_ACC_0073,227080.0,2026-08-16T08:34:53,1,UPI,SUCCESS
TXN_100171,ACK20260900062,MUL1_ACC_0073,MUL2_ACC_0022,194061.27,2026-08-16T08:39:53,2,IMPS,SUCCESS
TXN_100172,ACK20260900062,MUL2_ACC_0022,CASH_ATM_ATM_0102,174971.1,2026-08-16T10:57:40.129363,3,ATM_CASH_WITHDRAWAL,COMPLETED
TXN_100173,ACK20260900063,VIC_ACC_0081,MUL1_ACC_0036,22290.0,2026-08-15T14:02:27,1,UPI,SUCCESS
TXN_100174,ACK20260900063,MUL1_ACC_0036,MUL2_ACC_0017,19775.34,2026-08-15T14:09:27,2,IMPS,SUCCESS
TXN_100175,ACK20260900063,MUL2_ACC_0017,CASH_ATM_ATM_0040,17900.22,2026-08-15T14:39:27,3,ATM_CASH_WITHDRAWAL,COMPLETED
TXN_100176,ACK20260900064,VIC_ACC_0120,MUL1_ACC_0017,20142.0,2026-08-14T20:15:45,1,UPI,SUCCESS
TXN_100177,ACK20260900064,MUL1_ACC_0017,MUL2_ACC_0029,17136.94,2026-08-14T20:17:45,2,IMPS,SUCCESS
TXN_100178,ACK20260900064,MUL2_ACC_0029,CASH_ATM_ATM_0071,16823.52,2026-08-14T23:27:53.627087,3,ATM_CASH_WITHDRAWAL,COMPLETED
TXN_100179,ACK20260900065,VIC_ACC_0217,MUL1_ACC_0014,55209.0,2026-08-23T04:36:04,1,UPI,SUCCESS
TXN_100180,ACK20260900065,MUL1_ACC_0014,MUL2_ACC_0020,49040.61,2026-08-23T04:46:04,2,IMPS,SUCCESS
TXN_100181,ACK20260900065,MUL2_ACC_0020,CASH_ATM_ATM_0035,47282.88,2026-08-23T10:58:56.649096,3,ATM_CASH_WITHDRAWAL,COMPLETED
TXN_100182,ACK20260900066,VIC_ACC_0036,MUL1_ACC_0081,41511.0,2026-08-17T18:12:39,1,UPI,SUCCESS
TXN_100183,ACK20260900066,MUL1_ACC_0081,MUL2_ACC_0027,38854.14,2026-08-17T18:42:39,2,IMPS,SUCCESS
TXN_100184,ACK20260900066,MUL2_ACC_0027,CASH_ATM_ATM_0017,38452.36,2026-08-18T01:09:54.371981,3,ATM_CASH_WITHDRAWAL,COMPLETED
TXN_100185,ACK20260900067,VIC_ACC_0064,MUL1_ACC_0036,46222.0,2026-08-19T23:35:22,1,UPI,SUCCESS
TXN_100186,ACK20260900067,MUL1_ACC_0036,MUL2_ACC_0019,43207.83,2026-08-19T23:38:22,2,IMPS,SUCCESS
TXN_100187,ACK20260900067,MUL2_ACC_0019,CASH_ATM_ATM_0069,39774.73,2026-08-20T00:16:03.002673,3,ATM_CASH_WITHDRAWAL,COMPLETED
TXN_100188,ACK20260900068,VIC_ACC_0097,MUL1_ACC_0050,122734.0,2026-08-24T12:20:41,1,UPI,SUCCESS
TXN_100189,ACK20260900068,MUL1_ACC_0050,MUL2_ACC_0005,115231.57,2026-08-24T12:55:41,2,IMPS,SUCCESS
TXN_100190,ACK20260900068,MUL2_ACC_0005,CASH_ATM_ATM_0006,115080.42,2026-08-24T20:16:05.753608,3,ATM_CASH_WITHDRAWAL,COMPLETED
TXN_100191,ACK20260900069,VIC_ACC_0068,MUL1_ACC_0003,27645.0,2026-08-13T18:36:23,1,UPI,SUCCESS
TXN_100192,ACK20260900069,MUL1_ACC_0003,MUL2_ACC_0017,23608.35,2026-08-13T18:51:23,2,IMPS,SUCCESS
TXN_100193,ACK20260900069,MUL2_ACC_0017,CASH_ATM_ATM_0013,23487.19,2026-08-13T21:01:49.629355,3,ATM_CASH_WITHDRAWAL,COMPLETED
TXN_100194,ACK20260900070,VIC_ACC_0147,MUL1_ACC_0082,272075.0,2026-08-21T22:41:49,1,UPI,SUCCESS
TXN_100195,ACK20260900070,MUL1_ACC_0082,MUL2_ACC_0010,233538.22,2026-08-21T23:00:49,2,IMPS,SUCCESS
TXN_100196,ACK20260900070,MUL2_ACC_0010,CASH_ATM_ATM_0019,222125.32,2026-08-22T07:03:28.082104,3,ATM_CASH_WITHDRAWAL,COMPLETED
TXN_100197,ACK20260900071,VIC_ACC_0080,MUL1_ACC_0031,13665.0,2026-08-18T10:26:37,1,UPI,SUCCESS
TXN_100198,ACK20260900071,MUL1_ACC_0031,MUL2_ACC_0028,12234.78,2026-08-18T10:35:37,2,IMPS,SUCCESS
TXN_100199,ACK20260900071,MUL2_ACC_0028,CASH_ATM_ATM_0009,11389.71,2026-08-18T11:05:37,3,ATM_CASH_WITHDRAWAL,COMPLETED
TXN_100200,ACK20260900072,VIC_ACC_0090,MUL1_ACC_0067,41473.0,2026-08-04T00:58:08,1,UPI,SUCCESS
TXN_100201,ACK20260900072,MUL1_ACC_0067,CASH_ATM_ATM_0059,38018.15,2026-08-04T06:29:56.017586,3,ATM_CASH_WITHDRAWAL,COMPLETED
TXN_100202,ACK20260900073,VIC_ACC_0138,MUL1_ACC_0068,48910.0,2026-08-24T03:51:57,1,UPI,SUCCESS
TXN_100203,ACK20260900073,MUL1_ACC_0068,MUL2_ACC_0005,43799.87,2026-08-24T04:24:57,2,IMPS,SUCCESS
TXN_100204,ACK20260900073,MUL2_ACC_0005,CASH_ATM_ATM_0083,39662.71,2026-08-24T04:59:29.590634,3,ATM_CASH_WITHDRAWAL,COMPLETED
TXN_100205,ACK20260900074,VIC_ACC_0086,MUL1_ACC_0001,20117.0,2026-08-12T05:17:49,1,UPI,SUCCESS
TXN_100206,ACK20260900074,MUL1_ACC_0001,CASH_ATM_ATM_0001,18597.26,2026-08-12T12:37:29.208539,3,ATM_CASH_WITHDRAWAL,COMPLETED
TXN_100207,ACK20260900075,VIC_ACC_0197,MUL1_ACC_0054,339860.0,2026-08-30T04:15:59,1,UPI,SUCCESS
TXN_100208,ACK20260900075,MUL1_ACC_0054,MUL2_ACC_0027,298099.97,2026-08-30T04:37:59,2,IMPS,SUCCESS
TXN_100209,ACK20260900075,MUL2_ACC_0027,CASH_ATM_ATM_0020,285327.46,2026-08-30T10:13:08.667578,3,ATM_CASH_WITHDRAWAL,COMPLETED
TXN_100210,ACK20260900076,VIC_ACC_0027,MUL1_ACC_0037,57550.0,2026-08-06T08:04:33,1,UPI,SUCCESS
TXN_100211,ACK20260900076,MUL1_ACC_0037,CASH_ATM_ATM_0077,52292.15,2026-08-06T11:39:46.037030,3,ATM_CASH_WITHDRAWAL,COMPLETED
TXN_100212,ACK20260900077,VIC_ACC_0189,MUL1_ACC_0048,437750.0,2026-08-07T09:46:50,1,UPI,SUCCESS
TXN_100213,ACK20260900077,MUL1_ACC_0048,CASH_ATM_ATM_0046,426038.58,2026-08-07T10:28:55.056059,3,ATM_CASH_WITHDRAWAL,COMPLETED
TXN_100214,ACK20260900078,VIC_ACC_0126,MUL1_ACC_0089,172157.0,2026-08-05T01:14:26,1,UPI,SUCCESS
TXN_100215,ACK20260900078,MUL1_ACC_0089,MUL2_ACC_0022,159398.95,2026-08-05T01:16:26,2,IMPS,SUCCESS
TXN_100216,ACK20260900078,MUL2_ACC_0022,CASH_ATM_ATM_0088,156992.12,2026-08-05T11:34:25.579086,3,ATM_CASH_WITHDRAWAL,COMPLETED
TXN_100217,ACK20260900079,VIC_ACC_0054,MUL1_ACC_0012,145984.0,2026-08-07T16:16:26,1,UPI,SUCCESS
TXN_100218,ACK20260900079,MUL1_ACC_0012,CASH_ATM_ATM_0119,137415.57,2026-08-07T16:46:26,3,ATM_CASH_WITHDRAWAL,COMPLETED
TXN_100219,ACK20260900080,VIC_ACC_0235,MUL1_ACC_0010,22499.0,2026-08-24T02:47:06,1,UPI,SUCCESS
TXN_100220,ACK20260900080,MUL1_ACC_0010,MUL2_ACC_0028,19656.86,2026-08-24T02:57:06,2,IMPS,SUCCESS
TXN_100221,ACK20260900080,MUL2_ACC_0028,CASH_ATM_ATM_0061,19363.8,2026-08-24T03:31:51.432415,3,ATM_CASH_WITHDRAWAL,COMPLETED
TXN_100222,ACK20260900081,VIC_ACC_0202,MUL1_ACC_0018,40645.0,2026-08-23T23:33:20,1,UPI,SUCCESS
TXN_100223,ACK20260900081,MUL1_ACC_0018,MUL2_ACC_0007,34977.7,2026-08-23T23:44:20,2,IMPS,SUCCESS
TXN_100224,ACK20260900081,MUL2_ACC_0007,CASH_ATM_ATM_0099,33110.08,2026-08-24T09:16:18.328761,3,ATM_CASH_WITHDRAWAL,COMPLETED
TXN_100225,ACK20260900082,VIC_ACC_0275,MUL1_ACC_0021,188940.0,2026-08-12T06:41:19,1,UPI,SUCCESS
TXN_100226,ACK20260900082,MUL1_ACC_0021,MUL2_ACC_0003,176392.96,2026-08-12T06:56:19,2,IMPS,SUCCESS
TXN_100227,ACK20260900082,MUL2_ACC_0003,CASH_ATM_ATM_0076,161369.99,2026-08-12T08:43:14.477027,3,ATM_CASH_WITHDRAWAL,COMPLETED
TXN_100228,ACK20260900083,VIC_ACC_0183,MUL1_ACC_0052,54100.0,2026-08-13T16:17:43,1,UPI,SUCCESS
TXN_100229,ACK20260900083,MUL1_ACC_0052,MUL2_ACC_0016,48484.65,2026-08-13T16:25:43,2,IMPS,SUCCESS
TXN_100230,ACK20260900083,MUL2_ACC_0016,CASH_ATM_ATM_0034,44225.05,2026-08-13T19:07:36.126104,3,ATM_CASH_WITHDRAWAL,COMPLETED
TXN_100231,ACK20260900084,VIC_ACC_0114,MUL1_ACC_0010,16015.0,2026-08-05T06:53:25,1,UPI,SUCCESS
TXN_100232,ACK20260900084,MUL1_ACC_0010,CASH_ATM_ATM_0046,15858.85,2026-08-05T08:59:48.659946,3,ATM_CASH_WITHDRAWAL,COMPLETED
TXN_100233,ACK20260900085,VIC_ACC_0066,MUL1_ACC_0051,76548.0,2026-08-03T10:15:02,1,UPI,SUCCESS
TXN_100234,ACK20260900085,MUL1_ACC_0051,MUL2_ACC_0028,67775.16,2026-08-03T10:28:02,2,IMPS,SUCCESS
TXN_100235,ACK20260900085,MUL2_ACC_0028,CASH_ATM_ATM_0036,62861.34,2026-08-03T12:52:54.589339,3,ATM_CASH_WITHDRAWAL,COMPLETED
TXN_100236,ACK20260900086,VIC_ACC_0077,MUL1_ACC_0071,389360.0,2026-08-02T19:47:39,1,UPI,SUCCESS
TXN_100237,ACK20260900086,MUL1_ACC_0071,MUL2_ACC_0018,336299.42,2026-08-02T20:13:39,2,IMPS,SUCCESS
TXN_100238,ACK20260900086,MUL2_ACC_0018,CASH_ATM_ATM_0044,324281.85,2026-08-02T23:43:43.923734,3,ATM_CASH_WITHDRAWAL,COMPLETED
TXN_100239,ACK20260900087,VIC_ACC_0128,MUL1_ACC_0045,52069.0,2026-08-21T18:05:01,1,UPI,SUCCESS
TXN_100240,ACK20260900087,MUL1_ACC_0045,MUL2_ACC_0021,45666.78,2026-08-21T18:31:01,2,IMPS,SUCCESS
TXN_100241,ACK20260900087,MUL2_ACC_0021,CASH_ATM_ATM_0003,42556.31,2026-08-21T19:01:01,3,ATM_CASH_WITHDRAWAL,COMPLETED
TXN_100242,ACK20260900088,VIC_ACC_0144,MUL1_ACC_0085,35508.0,2026-08-02T15:37:22,1,UPI,SUCCESS
TXN_100243,ACK20260900088,MUL1_ACC_0085,MUL2_ACC_0004,32225.97,2026-08-02T15:53:22,2,IMPS,SUCCESS
TXN_100244,ACK20260900088,MUL2_ACC_0004,CASH_ATM_ATM_0085,30146.77,2026-08-02T16:37:47.787416,3,ATM_CASH_WITHDRAWAL,COMPLETED
TXN_100245,ACK20260900089,VIC_ACC_0089,MUL1_ACC_0073,8697.0,2026-08-06T07:47:20,1,UPI,SUCCESS
TXN_100246,ACK20260900089,MUL1_ACC_0073,MUL2_ACC_0013,7863.94,2026-08-06T08:20:20,2,IMPS,SUCCESS
TXN_100247,ACK20260900089,MUL2_ACC_0013,CASH_ATM_ATM_0040,7463.22,2026-08-06T13:34:04.432679,3,ATM_CASH_WITHDRAWAL,COMPLETED
TXN_100248,ACK20260900090,VIC_ACC_0120,MUL1_ACC_0017,5089.0,2026-08-20T07:07:33,1,UPI,SUCCESS
TXN_100249,ACK20260900090,MUL1_ACC_0017,MUL2_ACC_0021,4336.8,2026-08-20T07:12:33,2,IMPS,SUCCESS
TXN_100250,ACK20260900090,MUL2_ACC_0021,CASH_ATM_ATM_0030,4238.95,2026-08-20T10:04:47.059560,3,ATM_CASH_WITHDRAWAL,COMPLETED
TXN_100251,ACK20260900091,VIC_ACC_0187,MUL1_ACC_0039,56851.0,2026-08-31T02:29:45,1,UPI,SUCCESS
TXN_100252,ACK20260900091,MUL1_ACC_0039,MUL2_ACC_0011,52825.05,2026-08-31T02:58:45,2,IMPS,SUCCESS
TXN_100253,ACK20260900091,MUL2_ACC_0011,CASH_ATM_ATM_0109,50971.84,2026-08-31T06:35:38.573140,3,ATM_CASH_WITHDRAWAL,COMPLETED
TXN_100254,ACK20260900092,VIC_ACC_0288,MUL1_ACC_0017,27983.0,2026-08-23T19:53:22,1,UPI,SUCCESS
TXN_100255,ACK20260900092,MUL1_ACC_0017,MUL2_ACC_0026,24295.07,2026-08-23T19:57:22,2,IMPS,SUCCESS
TXN_100256,ACK20260900092,MUL2_ACC_0026,CASH_ATM_ATM_0073,24103.23,2026-08-23T23:43:15.187257,3,ATM_CASH_WITHDRAWAL,COMPLETED
TXN_100257,ACK20260900093,VIC_ACC_0114,MUL1_ACC_0031,23434.0,2026-08-21T18:12:59,1,UPI,SUCCESS
TXN_100258,ACK20260900093,MUL1_ACC_0031,CASH_ATM_ATM_0037,22581.44,2026-08-21T21:55:06.008520,3,ATM_CASH_WITHDRAWAL,COMPLETED
TXN_100259,ACK20260900094,VIC_ACC_0172,MUL1_ACC_0001,13885.0,2026-08-15T00:17:13,1,UPI,SUCCESS
TXN_100260,ACK20260900094,MUL1_ACC_0001,MUL2_ACC_0027,13030.45,2026-08-15T00:29:13,2,IMPS,SUCCESS
TXN_100261,ACK20260900094,MUL2_ACC_0027,CASH_ATM_ATM_0107,12876.39,2026-08-15T07:15:44.537852,3,ATM_CASH_WITHDRAWAL,COMPLETED
TXN_100262,ACK20260900095,VIC_ACC_0193,MUL1_ACC_0021,391295.0,2026-08-04T15:58:55,1,UPI,SUCCESS
TXN_100263,ACK20260900095,MUL1_ACC_0021,MUL2_ACC_0003,333386.39,2026-08-04T16:18:55,2,IMPS,SUCCESS
TXN_100264,ACK20260900095,MUL2_ACC_0003,CASH_ATM_ATM_0062,331774.87,2026-08-04T17:31:46.363217,3,ATM_CASH_WITHDRAWAL,COMPLETED
TXN_100265,ACK20260900096,VIC_ACC_0088,MUL1_ACC_0062,17203.0,2026-08-29T12:22:46,1,UPI,SUCCESS
TXN_100266,ACK20260900096,MUL1_ACC_0062,MUL2_ACC_0011,14892.82,2026-08-29T12:51:46,2,IMPS,SUCCESS
TXN_100267,ACK20260900096,MUL2_ACC_0011,CASH_ATM_ATM_0023,13896.63,2026-08-29T14:32:03.001582,3,ATM_CASH_WITHDRAWAL,COMPLETED
TXN_100268,ACK20260900097,VIC_ACC_0210,MUL1_ACC_0031,39768.0,2026-08-23T17:48:59,1,UPI,SUCCESS
TXN_100269,ACK20260900097,MUL1_ACC_0031,MUL2_ACC_0032,34019.55,2026-08-23T17:59:59,2,IMPS,SUCCESS
TXN_100270,ACK20260900097,MUL2_ACC_0032,CASH_ATM_ATM_0005,32072.29,2026-08-23T20:48:37.648818,3,ATM_CASH_WITHDRAWAL,COMPLETED
TXN_100271,ACK20260900098,VIC_ACC_0246,MUL1_ACC_0040,43248.0,2026-08-07T03:14:13,1,UPI,SUCCESS
TXN_100272,ACK20260900098,MUL1_ACC_0040,MUL2_ACC_0032,37154.95,2026-08-07T03:32:13,2,IMPS,SUCCESS
TXN_100273,ACK20260900098,MUL2_ACC_0032,CASH_ATM_ATM_0091,34126.38,2026-08-07T09:10:02.802120,3,ATM_CASH_WITHDRAWAL,COMPLETED
TXN_100274,ACK20260900099,VIC_ACC_0190,MUL1_ACC_0073,65956.0,2026-08-06T14:03:16,1,UPI,SUCCESS
TXN_100275,ACK20260900099,MUL1_ACC_0073,MUL2_ACC_0007,60469.39,2026-08-06T14:10:16,2,IMPS,SUCCESS
TXN_100276,ACK20260900099,MUL2_ACC_0007,CASH_ATM_ATM_0093,60292.25,2026-08-06T17:41:02.586382,3,ATM_CASH_WITHDRAWAL,COMPLETED
TXN_100277,ACK20260900100,VIC_ACC_0284,MUL1_ACC_0074,330763.0,2026-08-02T13:07:33,1,UPI,SUCCESS
TXN_100278,ACK20260900100,MUL1_ACC_0074,MUL2_ACC_0020,294207.22,2026-08-02T13:14:33,2,IMPS,SUCCESS
TXN_100279,ACK20260900100,MUL2_ACC_0020,CASH_ATM_ATM_0012,279558.69,2026-08-02T14:21:18.243544,3,ATM_CASH_WITHDRAWAL,COMPLETED
TXN_100280,ACK20260900101,VIC_ACC_0293,MUL1_ACC_0017,27659.0,2026-08-22T19:10:07,1,UPI,SUCCESS
TXN_100281,ACK20260900101,MUL1_ACC_0017,MUL2_ACC_0028,26268.5,2026-08-22T19:24:07,2,IMPS,SUCCESS
TXN_100282,ACK20260900101,MUL2_ACC_0028,CASH_ATM_ATM_0029,25832.73,2026-08-22T23:05:25.996788,3,ATM_CASH_WITHDRAWAL,COMPLETED
TXN_100283,ACK20260900102,VIC_ACC_0035,MUL1_ACC_0059,47746.0,2026-08-03T12:50:25,1,UPI,SUCCESS
TXN_100284,ACK20260900102,MUL1_ACC_0059,CASH_ATM_ATM_0118,46703.64,2026-08-03T16:40:06.051291,3,ATM_CASH_WITHDRAWAL,COMPLETED
TXN_100285,ACK20260900103,VIC_ACC_0077,MUL1_ACC_0037,18845.0,2026-08-05T18:51:37,1,UPI,SUCCESS
TXN_100286,ACK20260900103,MUL1_ACC_0037,MUL2_ACC_0023,16516.02,2026-08-05T19:19:37,2,IMPS,SUCCESS
TXN_100287,ACK20260900103,MUL2_ACC_0023,CASH_ATM_ATM_0109,15809.17,2026-08-05T19:57:48.457484,3,ATM_CASH_WITHDRAWAL,COMPLETED
TXN_100288,ACK20260900104,VIC_ACC_0089,MUL1_ACC_0051,406942.0,2026-08-09T12:24:39,1,UPI,SUCCESS
TXN_100289,ACK20260900104,MUL1_ACC_0051,CASH_ATM_ATM_0054,368253.66,2026-08-09T14:08:12.592437,3,ATM_CASH_WITHDRAWAL,COMPLETED
TXN_100290,ACK20260900105,VIC_ACC_0138,MUL1_ACC_0090,213026.0,2026-08-29T11:12:21,1,UPI,SUCCESS
TXN_100291,ACK20260900105,MUL1_ACC_0090,MUL2_ACC_0015,187473.11,2026-08-29T11:22:21,2,IMPS,SUCCESS
TXN_100292,ACK20260900105,MUL2_ACC_0015,CASH_ATM_ATM_0100,183236.8,2026-08-29T14:17:50.108487,3,ATM_CASH_WITHDRAWAL,COMPLETED
TXN_100293,ACK20260900106,VIC_ACC_0214,MUL1_ACC_0067,32707.0,2026-08-20T20:19:12,1,UPI,SUCCESS
TXN_100294,ACK20260900106,MUL1_ACC_0067,MUL2_ACC_0004,30389.68,2026-08-20T20:53:12,2,IMPS,SUCCESS
TXN_100295,ACK20260900106,MUL2_ACC_0004,CASH_ATM_ATM_0020,28296.21,2026-08-20T21:44:01.144727,3,ATM_CASH_WITHDRAWAL,COMPLETED
TXN_100296,ACK20260900107,VIC_ACC_0070,MUL1_ACC_0008,141088.0,2026-08-25T17:00:36,1,UPI,SUCCESS
TXN_100297,ACK20260900107,MUL1_ACC_0008,MUL2_ACC_0004,129866.34,2026-08-25T17:25:36,2,IMPS,SUCCESS
TXN_100298,ACK20260900107,MUL2_ACC_0004,CASH_ATM_ATM_0057,121663.36,2026-08-25T18:51:02.081662,3,ATM_CASH_WITHDRAWAL,COMPLETED
TXN_100299,ACK20260900108,VIC_ACC_0204,MUL1_ACC_0023,245279.0,2026-08-21T03:57:01,1,UPI,SUCCESS
TXN_100300,ACK20260900108,MUL1_ACC_0023,MUL2_ACC_0023,212497.8,2026-08-21T04:21:01,2,IMPS,SUCCESS
TXN_100301,ACK20260900108,MUL2_ACC_0023,CASH_ATM_ATM_0059,207163.28,2026-08-21T06:44:41.544856,3,ATM_CASH_WITHDRAWAL,COMPLETED
TXN_100302,ACK20260900109,VIC_ACC_0146,MUL1_ACC_0083,122213.0,2026-08-01T12:07:10,1,UPI,SUCCESS
TXN_100303,ACK20260900109,MUL1_ACC_0083,MUL2_ACC_0018,110154.01,2026-08-01T12:35:10,2,IMPS,SUCCESS
TXN_100304,ACK20260900109,MUL2_ACC_0018,CASH_ATM_ATM_0001,104360.98,2026-08-01T18:12:32.171706,3,ATM_CASH_WITHDRAWAL,COMPLETED
TXN_100305,ACK20260900110,VIC_ACC_0089,MUL1_ACC_0036,45037.0,2026-08-20T00:21:16,1,UPI,SUCCESS
TXN_100306,ACK20260900110,MUL1_ACC_0036,CASH_ATM_ATM_0082,42600.49,2026-08-20T00:51:16,3,ATM_CASH_WITHDRAWAL,COMPLETED
TXN_100307,ACK20260900111,VIC_ACC_0155,MUL1_ACC_0048,18410.0,2026-08-22T17:01:39,1,UPI,SUCCESS
TXN_100308,ACK20260900111,MUL1_ACC_0048,MUL2_ACC_0019,16908.5,2026-08-22T17:22:39,2,IMPS,SUCCESS
TXN_100309,ACK20260900111,MUL2_ACC_0019,CASH_ATM_ATM_0112,15325.59,2026-08-23T00:35:54.586608,3,ATM_CASH_WITHDRAWAL,COMPLETED
TXN_100310,ACK20260900112,VIC_ACC_0167,MUL1_ACC_0031,44163.0,2026-08-28T08:31:41,1,UPI,SUCCESS
TXN_100311,ACK20260900112,MUL1_ACC_0031,MUL2_ACC_0026,40544.97,2026-08-28T08:53:41,2,IMPS,SUCCESS
TXN_100312,ACK20260900112,MUL2_ACC_0026,CASH_ATM_ATM_0001,39147.79,2026-08-28T15:30:57.327049,3,ATM_CASH_WITHDRAWAL,COMPLETED
TXN_100313,ACK20260900113,VIC_ACC_0133,MUL1_ACC_0088,29892.0,2026-08-30T13:34:24,1,UPI,SUCCESS
TXN_100314,ACK20260900113,MUL1_ACC_0088,MUL2_ACC_0031,26924.67,2026-08-30T13:58:24,2,IMPS,SUCCESS
TXN_100315,ACK20260900113,MUL2_ACC_0031,CASH_ATM_ATM_0037,26495.59,2026-08-30T14:40:13.325600,3,ATM_CASH_WITHDRAWAL,COMPLETED
TXN_100316,ACK20260900114,VIC_ACC_0093,MUL1_ACC_0084,28995.0,2026-08-10T03:32:08,1,UPI,SUCCESS
TXN_100317,ACK20260900114,MUL1_ACC_0084,MUL2_ACC_0015,25864.91,2026-08-10T03:53:08,2,IMPS,SUCCESS
TXN_100318,ACK20260900114,MUL2_ACC_0015,CASH_ATM_ATM_0075,24239.77,2026-08-10T16:17:03.121025,3,ATM_CASH_WITHDRAWAL,COMPLETED
TXN_100319,ACK20260900115,VIC_ACC_0238,MUL1_ACC_0061,355961.0,2026-08-28T03:45:03,1,UPI,SUCCESS
TXN_100320,ACK20260900115,MUL1_ACC_0061,MUL2_ACC_0008,321427.03,2026-08-28T04:11:03,2,IMPS,SUCCESS
TXN_100321,ACK20260900115,MUL2_ACC_0008,CASH_ATM_ATM_0095,291022.02,2026-08-28T05:31:45.690571,3,ATM_CASH_WITHDRAWAL,COMPLETED
TXN_100322,ACK20260900116,VIC_ACC_0071,MUL1_ACC_0011,23772.0,2026-08-07T10:34:36,1,UPI,SUCCESS
TXN_100323,ACK20260900116,MUL1_ACC_0011,MUL2_ACC_0012,21714.53,2026-08-07T10:56:36,2,IMPS,SUCCESS
TXN_100324,ACK20260900116,MUL2_ACC_0012,CASH_ATM_ATM_0002,20524.69,2026-08-07T15:27:31.719109,3,ATM_CASH_WITHDRAWAL,COMPLETED
TXN_100325,ACK20260900117,VIC_ACC_0087,MUL1_ACC_0055,21961.0,2026-08-19T05:38:50,1,UPI,SUCCESS
TXN_100326,ACK20260900117,MUL1_ACC_0055,MUL2_ACC_0031,18677.1,2026-08-19T06:04:50,2,IMPS,SUCCESS
TXN_100327,ACK20260900117,MUL2_ACC_0031,CASH_ATM_ATM_0046,18174.05,2026-08-19T07:25:26.253049,3,ATM_CASH_WITHDRAWAL,COMPLETED
TXN_100328,ACK20260900118,VIC_ACC_0165,MUL1_ACC_0040,37613.0,2026-08-25T16:15:01,1,UPI,SUCCESS
TXN_100329,ACK20260900118,MUL1_ACC_0040,MUL2_ACC_0033,32599.26,2026-08-25T16:36:01,2,IMPS,SUCCESS
TXN_100330,ACK20260900118,MUL2_ACC_0033,CASH_ATM_ATM_0008,30311.45,2026-08-25T17:06:01,3,ATM_CASH_WITHDRAWAL,COMPLETED
TXN_100331,ACK20260900119,VIC_ACC_0267,MUL1_ACC_0022,49922.0,2026-08-20T16:36:27,1,UPI,SUCCESS
TXN_100332,ACK20260900119,MUL1_ACC_0022,CASH_ATM_ATM_0087,45025.27,2026-08-20T18:53:43.460034,3,ATM_CASH_WITHDRAWAL,COMPLETED
TXN_100333,ACK20260900120,VIC_ACC_0068,MUL1_ACC_0005,27149.0,2026-08-07T23:08:37,1,UPI,SUCCESS
TXN_100334,ACK20260900120,MUL1_ACC_0005,CASH_ATM_ATM_0063,26527.97,2026-08-08T03:49:33.503977,3,ATM_CASH_WITHDRAWAL,COMPLETED
TXN_100335,ACK20260900121,VIC_ACC_0025,MUL1_ACC_0057,26322.0,2026-08-22T03:48:53,1,UPI,SUCCESS
TXN_100336,ACK20260900121,MUL1_ACC_0057,MUL2_ACC_0017,24221.16,2026-08-22T04:20:53,2,IMPS,SUCCESS
TXN_100337,ACK20260900121,MUL2_ACC_0017,CASH_ATM_ATM_0047,23482.88,2026-08-22T05:34:40.825091,3,ATM_CASH_WITHDRAWAL,COMPLETED
TXN_100338,ACK20260900122,VIC_ACC_0155,MUL1_ACC_0054,55386.0,2026-08-14T21:20:42,1,UPI,SUCCESS
TXN_100339,ACK20260900122,MUL1_ACC_0054,CASH_ATM_ATM_0116,53828.36,2026-08-15T07:49:38.448797,3,ATM_CASH_WITHDRAWAL,COMPLETED
TXN_100340,ACK20260900123,VIC_ACC_0059,MUL1_ACC_0026,31181.0,2026-08-26T03:37:12,1,UPI,SUCCESS
TXN_100341,ACK20260900123,MUL1_ACC_0026,MUL2_ACC_0019,26626.72,2026-08-26T03:49:12,2,IMPS,SUCCESS
TXN_100342,ACK20260900123,MUL2_ACC_0019,CASH_ATM_ATM_0111,26388.03,2026-08-26T07:08:46.966574,3,ATM_CASH_WITHDRAWAL,COMPLETED
TXN_100343,ACK20260900124,VIC_ACC_0247,MUL1_ACC_0086,31665.0,2026-08-11T07:08:00,1,UPI,SUCCESS
TXN_100344,ACK20260900124,MUL1_ACC_0086,MUL2_ACC_0006,27152.89,2026-08-11T07:42:00,2,IMPS,SUCCESS
TXN_100345,ACK20260900124,MUL2_ACC_0006,CASH_ATM_ATM_0028,26894.34,2026-08-11T08:22:47.244702,3,ATM_CASH_WITHDRAWAL,COMPLETED
TXN_100346,ACK20260900125,VIC_ACC_0234,MUL1_ACC_0038,126584.0,2026-08-10T08:35:03,1,UPI,SUCCESS
TXN_100347,ACK20260900125,MUL1_ACC_0038,CASH_ATM_ATM_0071,119318.02,2026-08-10T09:05:03,3,ATM_CASH_WITHDRAWAL,COMPLETED
TXN_100348,ACK20260900126,VIC_ACC_0024,MUL1_ACC_0080,48078.0,2026-08-01T04:47:41,1,UPI,SUCCESS
TXN_100349,ACK20260900126,MUL1_ACC_0080,CASH_ATM_ATM_0016,45061.69,2026-08-01T05:22:46.622348,3,ATM_CASH_WITHDRAWAL,COMPLETED
TXN_100350,ACK20260900127,VIC_ACC_0059,MUL1_ACC_0022,67684.0,2026-08-13T12:31:17,1,UPI,SUCCESS
TXN_100351,ACK20260900127,MUL1_ACC_0022,MUL2_ACC_0004,58233.37,2026-08-13T12:43:17,2,IMPS,SUCCESS
TXN_100352,ACK20260900127,MUL2_ACC_0004,CASH_ATM_ATM_0111,57081.89,2026-08-13T15:52:01.811005,3,ATM_CASH_WITHDRAWAL,COMPLETED
TXN_100353,ACK20260900128,VIC_ACC_0093,MUL1_ACC_0062,23777.0,2026-08-20T13:04:22,1,UPI,SUCCESS
TXN_100354,ACK20260900128,MUL1_ACC_0062,MUL2_ACC_0027,20319.76,2026-08-20T13:34:22,2,IMPS,SUCCESS
TXN_100355,ACK20260900128,MUL2_ACC_0027,CASH_ATM_ATM_0062,19618.67,2026-08-20T14:04:22,3,ATM_CASH_WITHDRAWAL,COMPLETED
TXN_100356,ACK20260900129,VIC_ACC_0269,MUL1_ACC_0067,34358.0,2026-08-25T23:45:46,1,UPI,SUCCESS
TXN_100357,ACK20260900129,MUL1_ACC_0067,MUL2_ACC_0007,31477.81,2026-08-26T00:14:46,2,IMPS,SUCCESS
TXN_100358,ACK20260900129,MUL2_ACC_0007,CASH_ATM_ATM_0054,29847.04,2026-08-26T00:44:46,3,ATM_CASH_WITHDRAWAL,COMPLETED
TXN_100359,ACK20260900130,VIC_ACC_0198,MUL1_ACC_0061,21526.0,2026-08-05T18:11:39,1,UPI,SUCCESS
TXN_100360,ACK20260900130,MUL1_ACC_0061,MUL2_ACC_0011,19914.63,2026-08-05T18:17:39,2,IMPS,SUCCESS
TXN_100361,ACK20260900130,MUL2_ACC_0011,CASH_ATM_ATM_0075,18402.89,2026-08-05T20:41:29.149297,3,ATM_CASH_WITHDRAWAL,COMPLETED
TXN_100362,ACK20260900131,VIC_ACC_0026,MUL1_ACC_0059,57858.0,2026-08-17T07:43:41,1,UPI,SUCCESS
TXN_100363,ACK20260900131,MUL1_ACC_0059,CASH_ATM_ATM_0104,52581.47,2026-08-17T10:01:14.694732,3,ATM_CASH_WITHDRAWAL,COMPLETED
TXN_100364,ACK20260900132,VIC_ACC_0162,MUL1_ACC_0072,103814.0,2026-08-04T15:56:41,1,UPI,SUCCESS
TXN_100365,ACK20260900132,MUL1_ACC_0072,MUL2_ACC_0006,97482.5,2026-08-04T16:17:41,2,IMPS,SUCCESS
TXN_100366,ACK20260900132,MUL2_ACC_0006,CASH_ATM_ATM_0045,94115.42,2026-08-04T19:12:50.576097,3,ATM_CASH_WITHDRAWAL,COMPLETED
TXN_100367,ACK20260900133,VIC_ACC_0175,MUL1_ACC_0077,224049.0,2026-08-12T02:00:14,1,UPI,SUCCESS
TXN_100368,ACK20260900133,MUL1_ACC_0077,MUL2_ACC_0024,192996.33,2026-08-12T02:30:14,2,IMPS,SUCCESS
TXN_100369,ACK20260900133,MUL2_ACC_0024,CASH_ATM_ATM_0053,173739.1,2026-08-12T09:09:26.672054,3,ATM_CASH_WITHDRAWAL,COMPLETED
TXN_100370,ACK20260900134,VIC_ACC_0150,MUL1_ACC_0053,74000.0,2026-08-18T16:25:44,1,UPI,SUCCESS
TXN_100371,ACK20260900134,MUL1_ACC_0053,MUL2_ACC_0013,63793.52,2026-08-18T16:39:44,2,IMPS,SUCCESS
TXN_100372,ACK20260900134,MUL2_ACC_0013,CASH_ATM_ATM_0085,58789.49,2026-08-18T20:39:06.416076,3,ATM_CASH_WITHDRAWAL,COMPLETED
TXN_100373,ACK20260900135,VIC_ACC_0098,MUL1_ACC_0076,11094.0,2026-08-23T10:08:48,1,UPI,SUCCESS
TXN_100374,ACK20260900135,MUL1_ACC_0076,MUL2_ACC_0029,10160.39,2026-08-23T10:39:48,2,IMPS,SUCCESS
TXN_100375,ACK20260900135,MUL2_ACC_0029,CASH_ATM_ATM_0117,9281.15,2026-08-23T12:05:30.651980,3,ATM_CASH_WITHDRAWAL,COMPLETED
TXN_100376,ACK20260900136,VIC_ACC_0272,MUL1_ACC_0023,489781.0,2026-08-24T01:47:59,1,UPI,SUCCESS
TXN_100377,ACK20260900136,MUL1_ACC_0023,MUL2_ACC_0009,435288.24,2026-08-24T01:55:59,2,IMPS,SUCCESS
TXN_100378,ACK20260900136,MUL2_ACC_0009,CASH_ATM_ATM_0074,413702.74,2026-08-24T04:24:42.260847,3,ATM_CASH_WITHDRAWAL,COMPLETED
TXN_100379,ACK20260900137,VIC_ACC_0128,MUL1_ACC_0078,471945.0,2026-08-09T12:33:18,1,UPI,SUCCESS
TXN_100380,ACK20260900137,MUL1_ACC_0078,CASH_ATM_ATM_0113,438857.56,2026-08-09T16:04:22.732852,3,ATM_CASH_WITHDRAWAL,COMPLETED
TXN_100381,ACK20260900138,VIC_ACC_0161,MUL1_ACC_0038,48487.0,2026-08-24T00:10:35,1,UPI,SUCCESS
TXN_100382,ACK20260900138,MUL1_ACC_0038,MUL2_ACC_0009,43657.18,2026-08-24T00:23:35,2,IMPS,SUCCESS
TXN_100383,ACK20260900138,MUL2_ACC_0009,CASH_ATM_ATM_0071,42392.66,2026-08-24T03:07:14.003840,3,ATM_CASH_WITHDRAWAL,COMPLETED
TXN_100384,ACK20260900139,VIC_ACC_0288,MUL1_ACC_0002,74979.0,2026-08-16T18:45:42,1,UPI,SUCCESS
TXN_100385,ACK20260900139,MUL1_ACC_0002,MUL2_ACC_0025,64130.03,2026-08-16T18:56:42,2,IMPS,SUCCESS
TXN_100386,ACK20260900139,MUL2_ACC_0025,CASH_ATM_ATM_0009,58999.0,2026-08-16T19:26:42,3,ATM_CASH_WITHDRAWAL,COMPLETED
TXN_100387,ACK20260900140,VIC_ACC_0083,MUL1_ACC_0005,43684.0,2026-08-10T21:22:09,1,UPI,SUCCESS
TXN_100388,ACK20260900140,MUL1_ACC_0005,CASH_ATM_ATM_0022,42007.01,2026-08-11T01:40:47.046539,3,ATM_CASH_WITHDRAWAL,COMPLETED
TXN_100389,ACK20260900141,VIC_ACC_0288,MUL1_ACC_0089,70972.0,2026-08-28T07:58:41,1,UPI,SUCCESS
TXN_100390,ACK20260900141,MUL1_ACC_0089,MUL2_ACC_0025,63282.65,2026-08-28T08:24:41,2,IMPS,SUCCESS
TXN_100391,ACK20260900141,MUL2_ACC_0025,CASH_ATM_ATM_0071,63066.43,2026-08-28T08:54:41,3,ATM_CASH_WITHDRAWAL,COMPLETED
TXN_100392,ACK20260900142,VIC_ACC_0129,MUL1_ACC_0048,34563.0,2026-08-07T20:08:49,1,UPI,SUCCESS
TXN_100393,ACK20260900142,MUL1_ACC_0048,MUL2_ACC_0013,30395.32,2026-08-07T20:22:49,2,IMPS,SUCCESS
TXN_100394,ACK20260900142,MUL2_ACC_0013,CASH_ATM_ATM_0040,30345.03,2026-08-08T01:31:49.256425,3,ATM_CASH_WITHDRAWAL,COMPLETED
TXN_100395,ACK20260900143,VIC_ACC_0089,MUL1_ACC_0017,61165.0,2026-08-24T16:10:24,1,UPI,SUCCESS
TXN_100396,ACK20260900143,MUL1_ACC_0017,MUL2_ACC_0017,54012.14,2026-08-24T16:12:24,2,IMPS,SUCCESS
TXN_100397,ACK20260900143,MUL2_ACC_0017,CASH_ATM_ATM_0030,48826.65,2026-08-24T16:49:55.327585,3,ATM_CASH_WITHDRAWAL,COMPLETED
TXN_100398,ACK20260900144,VIC_ACC_0027,MUL1_ACC_0071,44472.0,2026-08-25T20:45:53,1,UPI,SUCCESS
TXN_100399,ACK20260900144,MUL1_ACC_0071,MUL2_ACC_0021,38779.42,2026-08-25T21:20:53,2,IMPS,SUCCESS
TXN_100400,ACK20260900144,MUL2_ACC_0021,CASH_ATM_ATM_0038,36920.36,2026-08-25T22:27:54.741693,3,ATM_CASH_WITHDRAWAL,COMPLETED
TXN_100401,ACK20260900145,VIC_ACC_0082,MUL1_ACC_0085,50796.0,2026-08-14T17:40:25,1,UPI,SUCCESS
TXN_100402,ACK20260900145,MUL1_ACC_0085,MUL2_ACC_0019,48003.79,2026-08-14T17:55:25,2,IMPS,SUCCESS
TXN_100403,ACK20260900145,MUL2_ACC_0019,CASH_ATM_ATM_0113,45482.91,2026-08-14T19:41:50.986218,3,ATM_CASH_WITHDRAWAL,COMPLETED
TXN_100404,ACK20260900146,VIC_ACC_0005,MUL1_ACC_0006,386731.0,2026-08-04T21:33:28,1,UPI,SUCCESS
TXN_100405,ACK20260900146,MUL1_ACC_0006,CASH_ATM_ATM_0088,383479.85,2026-08-04T22:03:28,3,ATM_CASH_WITHDRAWAL,COMPLETED
TXN_100406,ACK20260900147,VIC_ACC_0198,MUL1_ACC_0066,72746.0,2026-08-09T17:59:18,1,UPI,SUCCESS
TXN_100407,ACK20260900147,MUL1_ACC_0066,MUL2_ACC_0032,63990.54,2026-08-09T18:03:18,2,IMPS,SUCCESS
TXN_100408,ACK20260900147,MUL2_ACC_0032,CASH_ATM_ATM_0048,59641.18,2026-08-10T06:07:23.837499,3,ATM_CASH_WITHDRAWAL,COMPLETED
TXN_100409,ACK20260900148,VIC_ACC_0050,MUL1_ACC_0028,13581.0,2026-08-06T17:48:00,1,UPI,SUCCESS
TXN_100410,ACK20260900148,MUL1_ACC_0028,MUL2_ACC_0007,12274.17,2026-08-06T18:03:00,2,IMPS,SUCCESS
TXN_100411,ACK20260900148,MUL2_ACC_0007,CASH_ATM_ATM_0092,11840.35,2026-08-07T00:34:12.950896,3,ATM_CASH_WITHDRAWAL,COMPLETED
TXN_100412,ACK20260900149,VIC_ACC_0079,MUL1_ACC_0033,16471.0,2026-08-01T14:54:21,1,UPI,SUCCESS
TXN_100413,ACK20260900149,MUL1_ACC_0033,MUL2_ACC_0015,14671.76,2026-08-01T15:12:21,2,IMPS,SUCCESS
TXN_100414,ACK20260900149,MUL2_ACC_0015,CASH_ATM_ATM_0105,14129.22,2026-08-01T20:46:43.633991,3,ATM_CASH_WITHDRAWAL,COMPLETED
TXN_100415,ACK20260900150,VIC_ACC_0009,MUL1_ACC_0075,386290.0,2026-08-13T21:08:34,1,UPI,SUCCESS
TXN_100416,ACK20260900150,MUL1_ACC_0075,MUL2_ACC_0005,364196.06,2026-08-13T21:32:34,2,IMPS,SUCCESS
TXN_100417,ACK20260900150,MUL2_ACC_0005,CASH_ATM_ATM_0026,338332.19,2026-08-13T23:30:43.462071,3,ATM_CASH_WITHDRAWAL,COMPLETED
TXN_100418,ACK20260900151,VIC_ACC_0045,MUL1_ACC_0029,24039.0,2026-08-10T14:27:25,1,UPI,SUCCESS
TXN_100419,ACK20260900151,MUL1_ACC_0029,MUL2_ACC_0035,22741.22,2026-08-10T14:47:25,2,IMPS,SUCCESS
TXN_100420,ACK20260900151,MUL2_ACC_0035,CASH_ATM_ATM_0031,21144.91,2026-08-10T15:53:12.993237,3,ATM_CASH_WITHDRAWAL,COMPLETED
TXN_100421,ACK20260900152,VIC_ACC_0192,MUL1_ACC_0074,23530.0,2026-08-31T00:45:55,1,UPI,SUCCESS
TXN_100422,ACK20260900152,MUL1_ACC_0074,MUL2_ACC_0006,20494.75,2026-08-31T01:06:55,2,IMPS,SUCCESS
TXN_100423,ACK20260900152,MUL2_ACC_0006,CASH_ATM_ATM_0084,18879.22,2026-08-31T01:36:55,3,ATM_CASH_WITHDRAWAL,COMPLETED
TXN_100424,ACK20260900153,VIC_ACC_0263,MUL1_ACC_0086,38127.0,2026-08-05T05:24:14,1,UPI,SUCCESS
TXN_100425,ACK20260900153,MUL1_ACC_0086,MUL2_ACC_0004,34865.9,2026-08-05T05:55:14,2,IMPS,SUCCESS
TXN_100426,ACK20260900153,MUL2_ACC_0004,CASH_ATM_ATM_0015,32392.7,2026-08-05T10:04:35.039841,3,ATM_CASH_WITHDRAWAL,COMPLETED
TXN_100427,ACK20260900154,VIC_ACC_0051,MUL1_ACC_0031,51810.0,2026-08-07T23:39:31,1,UPI,SUCCESS
TXN_100428,ACK20260900154,MUL1_ACC_0031,MUL2_ACC_0005,45684.95,2026-08-07T23:53:31,2,IMPS,SUCCESS
TXN_100429,ACK20260900154,MUL2_ACC_0005,CASH_ATM_ATM_0099,42616.5,2026-08-08T00:23:31,3,ATM_CASH_WITHDRAWAL,COMPLETED
TXN_100430,ACK20260900155,VIC_ACC_0300,MUL1_ACC_0041,145653.0,2026-08-05T18:40:23,1,UPI,SUCCESS
TXN_100431,ACK20260900155,MUL1_ACC_0041,MUL2_ACC_0028,136041.51,2026-08-05T18:59:23,2,IMPS,SUCCESS
TXN_100432,ACK20260900155,MUL2_ACC_0028,CASH_ATM_ATM_0031,131682.47,2026-08-05T21:51:37.298543,3,ATM_CASH_WITHDRAWAL,COMPLETED
TXN_100433,ACK20260900156,VIC_ACC_0246,MUL1_ACC_0083,68828.0,2026-08-15T14:32:49,1,UPI,SUCCESS
TXN_100434,ACK20260900156,MUL1_ACC_0083,MUL2_ACC_0018,64638.42,2026-08-15T14:42:49,2,IMPS,SUCCESS
TXN_100435,ACK20260900156,MUL2_ACC_0018,CASH_ATM_ATM_0046,59876.09,2026-08-15T15:12:49,3,ATM_CASH_WITHDRAWAL,COMPLETED
TXN_100436,ACK20260900157,VIC_ACC_0040,MUL1_ACC_0052,9088.0,2026-08-24T03:10:01,1,UPI,SUCCESS
TXN_100437,ACK20260900157,MUL1_ACC_0052,MUL2_ACC_0003,8218.7,2026-08-24T03:28:01,2,IMPS,SUCCESS
TXN_100438,ACK20260900157,MUL2_ACC_0003,CASH_ATM_ATM_0111,7934.26,2026-08-24T09:06:36.934061,3,ATM_CASH_WITHDRAWAL,COMPLETED
TXN_100439,ACK20260900158,VIC_ACC_0201,MUL1_ACC_0012,22548.0,2026-08-08T18:53:54,1,UPI,SUCCESS
TXN_100440,ACK20260900158,MUL1_ACC_0012,MUL2_ACC_0001,21077.83,2026-08-08T19:10:54,2,IMPS,SUCCESS
TXN_100441,ACK20260900158,MUL2_ACC_0001,CASH_ATM_ATM_0038,20566.07,2026-08-08T23:28:19.016238,3,ATM_CASH_WITHDRAWAL,COMPLETED
TXN_100442,ACK20260900159,VIC_ACC_0082,MUL1_ACC_0063,68373.0,2026-08-06T18:40:42,1,UPI,SUCCESS
TXN_100443,ACK20260900159,MUL1_ACC_0063,MUL2_ACC_0024,58409.74,2026-08-06T18:56:42,2,IMPS,SUCCESS
TXN_100444,ACK20260900159,MUL2_ACC_0024,CASH_ATM_ATM_0044,55593.72,2026-08-06T23:19:38.050158,3,ATM_CASH_WITHDRAWAL,COMPLETED
TXN_100445,ACK20260900160,VIC_ACC_0199,MUL1_ACC_0082,47476.0,2026-08-16T15:10:02,1,UPI,SUCCESS
TXN_100446,ACK20260900160,MUL1_ACC_0082,MUL2_ACC_0017,42142.83,2026-08-16T15:23:02,2,IMPS,SUCCESS
TXN_100447,ACK20260900160,MUL2_ACC_0017,CASH_ATM_ATM_0091,39468.01,2026-08-16T21:20:00.709882,3,ATM_CASH_WITHDRAWAL,COMPLETED
TXN_100448,ACK20260900161,VIC_ACC_0040,MUL1_ACC_0063,87681.0,2026-08-17T08:37:58,1,UPI,SUCCESS
TXN_100449,ACK20260900161,MUL1_ACC_0063,MUL2_ACC_0001,82262.61,2026-08-17T09:11:58,2,IMPS,SUCCESS
TXN_100450,ACK20260900161,MUL2_ACC_0001,CASH_ATM_ATM_0101,75398.67,2026-08-17T09:41:58,3,ATM_CASH_WITHDRAWAL,COMPLETED
TXN_100451,ACK20260900162,VIC_ACC_0144,MUL1_ACC_0043,20509.0,2026-08-07T04:23:10,1,UPI,SUCCESS
TXN_100452,ACK20260900162,MUL1_ACC_0043,MUL2_ACC_0031,17864.78,2026-08-07T04:55:10,2,IMPS,SUCCESS
TXN_100453,ACK20260900162,MUL2_ACC_0031,CASH_ATM_ATM_0040,17234.62,2026-08-07T07:19:58.268370,3,ATM_CASH_WITHDRAWAL,COMPLETED
TXN_100454,ACK20260900163,VIC_ACC_0125,MUL1_ACC_0074,120634.0,2026-08-02T04:39:37,1,UPI,SUCCESS
TXN_100455,ACK20260900163,MUL1_ACC_0074,MUL2_ACC_0017,108771.34,2026-08-02T04:52:37,2,IMPS,SUCCESS
TXN_100456,ACK20260900163,MUL2_ACC_0017,CASH_ATM_ATM_0089,104413.5,2026-08-02T05:39:21.404409,3,ATM_CASH_WITHDRAWAL,COMPLETED
TXN_100457,ACK20260900164,VIC_ACC_0010,MUL1_ACC_0061,94956.0,2026-08-30T00:00:42,1,UPI,SUCCESS
TXN_100458,ACK20260900164,MUL1_ACC_0061,MUL2_ACC_0015,86417.92,2026-08-30T00:28:42,2,IMPS,SUCCESS
TXN_100459,ACK20260900164,MUL2_ACC_0015,CASH_ATM_ATM_0036,83161.79,2026-08-30T05:01:28.177533,3,ATM_CASH_WITHDRAWAL,COMPLETED
TXN_100460,ACK20260900165,VIC_ACC_0086,MUL1_ACC_0049,362755.0,2026-08-24T21:28:59,1,UPI,SUCCESS
TXN_100461,ACK20260900165,MUL1_ACC_0049,MUL2_ACC_0002,327303.37,2026-08-24T21:42:59,2,IMPS,SUCCESS
TXN_100462,ACK20260900165,MUL2_ACC_0002,CASH_ATM_ATM_0116,316972.62,2026-08-25T13:05:44.205033,3,ATM_CASH_WITHDRAWAL,COMPLETED
TXN_100463,ACK20260900166,VIC_ACC_0050,MUL1_ACC_0016,10116.0,2026-08-06T15:59:39,1,UPI,SUCCESS
TXN_100464,ACK20260900166,MUL1_ACC_0016,MUL2_ACC_0009,9505.97,2026-08-06T16:01:39,2,IMPS,SUCCESS
TXN_100465,ACK20260900166,MUL2_ACC_0009,CASH_ATM_ATM_0097,9051.63,2026-08-06T23:15:42.019900,3,ATM_CASH_WITHDRAWAL,COMPLETED
TXN_100466,ACK20260900167,VIC_ACC_0023,MUL1_ACC_0076,463954.0,2026-08-23T16:40:14,1,UPI,SUCCESS
TXN_100467,ACK20260900167,MUL1_ACC_0076,MUL2_ACC_0007,400572.46,2026-08-23T17:09:14,2,IMPS,SUCCESS
TXN_100468,ACK20260900167,MUL2_ACC_0007,CASH_ATM_ATM_0111,391193.41,2026-08-24T01:40:29.404838,3,ATM_CASH_WITHDRAWAL,COMPLETED
TXN_100469,ACK20260900168,VIC_ACC_0043,MUL1_ACC_0074,38791.0,2026-08-10T20:05:34,1,UPI,SUCCESS
TXN_100470,ACK20260900168,MUL1_ACC_0074,MUL2_ACC_0001,35511.4,2026-08-10T20:31:34,2,IMPS,SUCCESS
TXN_100471,ACK20260900168,MUL2_ACC_0001,CASH_ATM_ATM_0071,33412.13,2026-08-10T21:01:34,3,ATM_CASH_WITHDRAWAL,COMPLETED
TXN_100472,ACK20260900169,VIC_ACC_0219,MUL1_ACC_0036,60517.0,2026-08-21T18:27:16,1,UPI,SUCCESS
TXN_100473,ACK20260900169,MUL1_ACC_0036,MUL2_ACC_0014,54780.62,2026-08-21T18:55:16,2,IMPS,SUCCESS
TXN_100474,ACK20260900169,MUL2_ACC_0014,CASH_ATM_ATM_0109,50281.6,2026-08-22T07:21:38.630690,3,ATM_CASH_WITHDRAWAL,COMPLETED
TXN_100475,ACK20260900170,VIC_ACC_0248,MUL1_ACC_0016,435761.0,2026-08-09T09:48:22,1,UPI,SUCCESS
TXN_100476,ACK20260900170,MUL1_ACC_0016,MUL2_ACC_0011,379742.1,2026-08-09T09:56:22,2,IMPS,SUCCESS
TXN_100477,ACK20260900170,MUL2_ACC_0011,CASH_ATM_ATM_0085,371618.7,2026-08-09T17:06:01.675622,3,ATM_CASH_WITHDRAWAL,COMPLETED
TXN_100478,ACK20260900171,VIC_ACC_0027,MUL1_ACC_0012,24048.0,2026-08-06T12:42:00,1,UPI,SUCCESS
TXN_100479,ACK20260900171,MUL1_ACC_0012,MUL2_ACC_0024,21905.39,2026-08-06T12:49:00,2,IMPS,SUCCESS
TXN_100480,ACK20260900171,MUL2_ACC_0024,CASH_ATM_ATM_0087,21753.55,2026-08-06T13:26:29.821950,3,ATM_CASH_WITHDRAWAL,COMPLETED
TXN_100481,ACK20260900172,VIC_ACC_0267,MUL1_ACC_0026,385697.0,2026-08-10T22:52:03,1,UPI,SUCCESS
TXN_100482,ACK20260900172,MUL1_ACC_0026,MUL2_ACC_0034,335353.76,2026-08-10T23:12:03,2,IMPS,SUCCESS
TXN_100483,ACK20260900172,MUL2_ACC_0034,CASH_ATM_ATM_0115,319116.39,2026-08-11T00:34:38.884975,3,ATM_CASH_WITHDRAWAL,COMPLETED
TXN_100484,ACK20260900173,VIC_ACC_0087,MUL1_ACC_0052,5037.0,2026-08-22T01:29:15,1,UPI,SUCCESS
TXN_100485,ACK20260900173,MUL1_ACC_0052,MUL2_ACC_0026,4542.24,2026-08-22T01:43:15,2,IMPS,SUCCESS
TXN_100486,ACK20260900173,MUL2_ACC_0026,CASH_ATM_ATM_0015,4505.53,2026-08-22T02:39:47.594648,3,ATM_CASH_WITHDRAWAL,COMPLETED
TXN_100487,ACK20260900174,VIC_ACC_0287,MUL1_ACC_0052,168644.0,2026-08-30T18:32:22,1,UPI,SUCCESS
TXN_100488,ACK20260900174,MUL1_ACC_0052,MUL2_ACC_0012,151884.8,2026-08-30T19:00:22,2,IMPS,SUCCESS
TXN_100489,ACK20260900174,MUL2_ACC_0012,CASH_ATM_ATM_0018,144338.69,2026-08-30T20:00:25.212386,3,ATM_CASH_WITHDRAWAL,COMPLETED
TXN_100490,ACK20260900175,VIC_ACC_0060,MUL1_ACC_0073,37786.0,2026-08-26T16:24:56,1,UPI,SUCCESS
TXN_100491,ACK20260900175,MUL1_ACC_0073,MUL2_ACC_0022,34693.57,2026-08-26T16:55:56,2,IMPS,SUCCESS
TXN_100492,ACK20260900175,MUL2_ACC_0022,CASH_ATM_ATM_0005,32896.34,2026-08-26T17:25:56,3,ATM_CASH_WITHDRAWAL,COMPLETED
TXN_100493,ACK20260900176,VIC_ACC_0196,MUL1_ACC_0069,46383.0,2026-08-21T07:44:44,1,UPI,SUCCESS
TXN_100494,ACK20260900176,MUL1_ACC_0069,MUL2_ACC_0017,40758.09,2026-08-21T08:01:44,2,IMPS,SUCCESS
TXN_100495,ACK20260900176,MUL2_ACC_0017,CASH_ATM_ATM_0087,39428.15,2026-08-21T13:45:45.298847,3,ATM_CASH_WITHDRAWAL,COMPLETED
TXN_100496,ACK20260900177,VIC_ACC_0039,MUL1_ACC_0088,33647.0,2026-08-18T05:45:20,1,UPI,SUCCESS
TXN_100497,ACK20260900177,MUL1_ACC_0088,CASH_ATM_ATM_0109,32762.46,2026-08-18T06:51:21.034352,3,ATM_CASH_WITHDRAWAL,COMPLETED
TXN_100498,ACK20260900178,VIC_ACC_0124,MUL1_ACC_0020,37728.0,2026-08-28T08:26:14,1,UPI,SUCCESS
TXN_100499,ACK20260900178,MUL1_ACC_0020,MUL2_ACC_0006,34384.65,2026-08-28T08:59:14,2,IMPS,SUCCESS
TXN_100500,ACK20260900178,MUL2_ACC_0006,CASH_ATM_ATM_0013,33862.04,2026-08-28T18:29:38.229039,3,ATM_CASH_WITHDRAWAL,COMPLETED
TXN_100501,ACK20260900179,VIC_ACC_0162,MUL1_ACC_0051,145877.0,2026-08-16T18:59:17,1,UPI,SUCCESS
TXN_100502,ACK20260900179,MUL1_ACC_0051,MUL2_ACC_0009,131664.72,2026-08-16T19:04:17,2,IMPS,SUCCESS
TXN_100503,ACK20260900179,MUL2_ACC_0009,CASH_ATM_ATM_0097,124796.04,2026-08-16T21:11:38.802591,3,ATM_CASH_WITHDRAWAL,COMPLETED
TXN_100504,ACK20260900180,VIC_ACC_0258,MUL1_ACC_0059,289702.0,2026-08-12T13:01:43,1,UPI,SUCCESS
TXN_100505,ACK20260900180,MUL1_ACC_0059,MUL2_ACC_0001,257238.81,2026-08-12T13:16:43,2,IMPS,SUCCESS
TXN_100506,ACK20260900180,MUL2_ACC_0001,CASH_ATM_ATM_0028,239886.41,2026-08-12T13:46:43,3,ATM_CASH_WITHDRAWAL,COMPLETED
TXN_100507,ACK20260900181,VIC_ACC_0133,MUL1_ACC_0024,81780.0,2026-08-06T17:24:15,1,UPI,SUCCESS
TXN_100508,ACK20260900181,MUL1_ACC_0024,MUL2_ACC_0027,72498.61,2026-08-06T17:49:15,2,IMPS,SUCCESS
TXN_100509,ACK20260900181,MUL2_ACC_0027,CASH_ATM_ATM_0088,67276.02,2026-08-07T06:05:00.742917,3,ATM_CASH_WITHDRAWAL,COMPLETED
TXN_100510,ACK20260900182,VIC_ACC_0068,MUL1_ACC_0056,40382.0,2026-08-19T21:28:52,1,UPI,SUCCESS
TXN_100511,ACK20260900182,MUL1_ACC_0056,MUL2_ACC_0010,36234.72,2026-08-19T21:39:52,2,IMPS,SUCCESS
TXN_100512,ACK20260900182,MUL2_ACC_0010,CASH_ATM_ATM_0006,33251.18,2026-08-19T22:20:48.761848,3,ATM_CASH_WITHDRAWAL,COMPLETED
TXN_100513,ACK20260900183,VIC_ACC_0265,MUL1_ACC_0007,207304.0,2026-08-18T23:27:50,1,UPI,SUCCESS
TXN_100514,ACK20260900183,MUL1_ACC_0007,MUL2_ACC_0011,180675.12,2026-08-18T23:32:50,2,IMPS,SUCCESS
TXN_100515,ACK20260900183,MUL2_ACC_0011,CASH_ATM_ATM_0058,171217.49,2026-08-19T01:57:12.658919,3,ATM_CASH_WITHDRAWAL,COMPLETED
TXN_100516,ACK20260900184,VIC_ACC_0231,MUL1_ACC_0045,93446.0,2026-08-24T10:17:23,1,UPI,SUCCESS
TXN_100517,ACK20260900184,MUL1_ACC_0045,MUL2_ACC_0023,84819.57,2026-08-24T10:31:23,2,IMPS,SUCCESS
TXN_100518,ACK20260900184,MUL2_ACC_0023,CASH_ATM_ATM_0039,84644.61,2026-08-24T19:52:41.609392,3,ATM_CASH_WITHDRAWAL,COMPLETED
TXN_100519,ACK20260900185,VIC_ACC_0167,MUL1_ACC_0060,15277.0,2026-08-22T16:42:49,1,UPI,SUCCESS
TXN_100520,ACK20260900185,MUL1_ACC_0060,CASH_ATM_ATM_0038,14727.92,2026-08-22T18:27:57.209718,3,ATM_CASH_WITHDRAWAL,COMPLETED
TXN_100521,ACK20260900186,VIC_ACC_0216,MUL1_ACC_0041,15369.0,2026-08-21T19:42:25,1,UPI,SUCCESS
TXN_100522,ACK20260900186,MUL1_ACC_0041,MUL2_ACC_0018,13480.53,2026-08-21T20:09:25,2,IMPS,SUCCESS
TXN_100523,ACK20260900186,MUL2_ACC_0018,CASH_ATM_ATM_0099,13185.27,2026-08-22T01:29:40.378717,3,ATM_CASH_WITHDRAWAL,COMPLETED
TXN_100524,ACK20260900187,VIC_ACC_0267,MUL1_ACC_0085,8027.0,2026-08-31T14:31:10,1,UPI,SUCCESS
TXN_100525,ACK20260900187,MUL1_ACC_0085,CASH_ATM_ATM_0015,7393.33,2026-08-31T15:54:20.346232,3,ATM_CASH_WITHDRAWAL,COMPLETED
TXN_100526,ACK20260900188,VIC_ACC_0049,MUL1_ACC_0014,454191.0,2026-08-03T15:40:03,1,UPI,SUCCESS
TXN_100527,ACK20260900188,MUL1_ACC_0014,MUL2_ACC_0006,400113.69,2026-08-03T16:06:03,2,IMPS,SUCCESS
TXN_100528,ACK20260900188,MUL2_ACC_0006,CASH_ATM_ATM_0052,389614.44,2026-08-03T18:06:09.727459,3,ATM_CASH_WITHDRAWAL,COMPLETED
TXN_100529,ACK20260900189,VIC_ACC_0065,MUL1_ACC_0061,68431.0,2026-08-05T17:01:10,1,UPI,SUCCESS
TXN_100530,ACK20260900189,MUL1_ACC_0061,CASH_ATM_ATM_0061,65341.65,2026-08-05T18:23:34.607806,3,ATM_CASH_WITHDRAWAL,COMPLETED
TXN_100531,ACK20260900190,VIC_ACC_0277,MUL1_ACC_0069,62013.0,2026-08-06T18:43:29,1,UPI,SUCCESS
TXN_100532,ACK20260900190,MUL1_ACC_0069,CASH_ATM_ATM_0109,59158.34,2026-08-06T20:48:31.853778,3,ATM_CASH_WITHDRAWAL,COMPLETED
TXN_100533,ACK20260900191,VIC_ACC_0227,MUL1_ACC_0018,44789.0,2026-08-10T11:32:16,1,UPI,SUCCESS
TXN_100534,ACK20260900191,MUL1_ACC_0018,MUL2_ACC_0035,41151.1,2026-08-10T11:34:16,2,IMPS,SUCCESS
TXN_100535,ACK20260900191,MUL2_ACC_0035,CASH_ATM_ATM_0112,40932.82,2026-08-10T14:57:10.671000,3,ATM_CASH_WITHDRAWAL,COMPLETED
TXN_100536,ACK20260900192,VIC_ACC_0005,MUL1_ACC_0048,171223.0,2026-08-25T13:55:18,1,UPI,SUCCESS
TXN_100537,ACK20260900192,MUL1_ACC_0048,MUL2_ACC_0028,149818.35,2026-08-25T14:22:18,2,IMPS,SUCCESS
TXN_100538,ACK20260900192,MUL2_ACC_0028,CASH_ATM_ATM_0090,147247.87,2026-08-25T16:39:17.665333,3,ATM_CASH_WITHDRAWAL,COMPLETED
TXN_100539,ACK20260900193,VIC_ACC_0041,MUL1_ACC_0035,40633.0,2026-08-14T20:22:33,1,UPI,SUCCESS
TXN_100540,ACK20260900193,MUL1_ACC_0035,MUL2_ACC_0005,35093.19,2026-08-14T20:35:33,2,IMPS,SUCCESS
TXN_100541,ACK20260900193,MUL2_ACC_0005,CASH_ATM_ATM_0023,33818.93,2026-08-14T23:52:09.767114,3,ATM_CASH_WITHDRAWAL,COMPLETED
TXN_100542,ACK20260900194,VIC_ACC_0140,MUL1_ACC_0003,22542.0,2026-08-23T19:34:12,1,UPI,SUCCESS
TXN_100543,ACK20260900194,MUL1_ACC_0003,CASH_ATM_ATM_0064,20894.62,2026-08-24T04:43:55.891494,3,ATM_CASH_WITHDRAWAL,COMPLETED
TXN_100544,ACK20260900195,VIC_ACC_0005,MUL1_ACC_0064,48467.0,2026-08-08T02:15:00,1,UPI,SUCCESS
TXN_100545,ACK20260900195,MUL1_ACC_0064,MUL2_ACC_0003,41585.77,2026-08-08T02:38:00,2,IMPS,SUCCESS
TXN_100546,ACK20260900195,MUL2_ACC_0003,CASH_ATM_ATM_0030,37660.23,2026-08-08T03:48:24.716907,3,ATM_CASH_WITHDRAWAL,COMPLETED
TXN_100547,ACK20260900196,VIC_ACC_0037,MUL1_ACC_0032,55014.0,2026-08-18T15:18:12,1,UPI,SUCCESS
TXN_100548,ACK20260900196,MUL1_ACC_0032,MUL2_ACC_0029,50819.84,2026-08-18T15:35:12,2,IMPS,SUCCESS
TXN_100549,ACK20260900196,MUL2_ACC_0029,CASH_ATM_ATM_0013,46750.08,2026-08-18T18:53:07.055988,3,ATM_CASH_WITHDRAWAL,COMPLETED
TXN_100550,ACK20260900197,VIC_ACC_0049,MUL1_ACC_0081,109318.0,2026-08-17T21:25:30,1,UPI,SUCCESS
TXN_100551,ACK20260900197,MUL1_ACC_0081,MUL2_ACC_0034,95689.46,2026-08-17T21:34:30,2,IMPS,SUCCESS
TXN_100552,ACK20260900197,MUL2_ACC_0034,CASH_ATM_ATM_0065,88022.09,2026-08-17T22:16:28.154953,3,ATM_CASH_WITHDRAWAL,COMPLETED
TXN_100553,ACK20260900198,VIC_ACC_0112,MUL1_ACC_0075,6974.0,2026-08-04T07:42:27,1,UPI,SUCCESS
TXN_100554,ACK20260900198,MUL1_ACC_0075,MUL2_ACC_0016,6603.57,2026-08-04T07:44:27,2,IMPS,SUCCESS
TXN_100555,ACK20260900198,MUL2_ACC_0016,CASH_ATM_ATM_0106,6397.81,2026-08-04T08:14:27,3,ATM_CASH_WITHDRAWAL,COMPLETED
TXN_100556,ACK20260900199,VIC_ACC_0046,MUL1_ACC_0008,49357.0,2026-08-08T05:37:05,1,UPI,SUCCESS
TXN_100557,ACK20260900199,MUL1_ACC_0008,MUL2_ACC_0035,42574.5,2026-08-08T05:45:05,2,IMPS,SUCCESS
TXN_100558,ACK20260900199,MUL2_ACC_0035,CASH_ATM_ATM_0055,39665.55,2026-08-08T11:29:27.219840,3,ATM_CASH_WITHDRAWAL,COMPLETED
TXN_100559,ACK20260900200,VIC_ACC_0178,MUL1_ACC_0033,411365.0,2026-08-26T15:01:12,1,UPI,SUCCESS
TXN_100560,ACK20260900200,MUL1_ACC_0033,MUL2_ACC_0029,371986.43,2026-08-26T15:21:12,2,IMPS,SUCCESS
TXN_100561,ACK20260900200,MUL2_ACC_0029,CASH_ATM_ATM_0108,341847.19,2026-08-26T18:34:28.138127,3,ATM_CASH_WITHDRAWAL,COMPLETED
TXN_100562,ACK20260900201,VIC_ACC_0179,MUL1_ACC_0058,26016.0,2026-08-11T23:34:17,1,UPI,SUCCESS
TXN_100563,ACK20260900201,MUL1_ACC_0058,CASH_ATM_ATM_0084,24595.73,2026-08-12T02:52:33.001015,3,ATM_CASH_WITHDRAWAL,COMPLETED
TXN_100564,ACK20260900202,VIC_ACC_0260,MUL1_ACC_0042,52720.0,2026-08-13T23:23:56,1,UPI,SUCCESS
TXN_100565,ACK20260900202,MUL1_ACC_0042,MUL2_ACC_0035,45812.99,2026-08-13T23:49:56,2,IMPS,SUCCESS
TXN_100566,ACK20260900202,MUL2_ACC_0035,CASH_ATM_ATM_0111,44739.75,2026-08-14T00:46:42.127944,3,ATM_CASH_WITHDRAWAL,COMPLETED
TXN_100567,ACK20260900203,VIC_ACC_0145,MUL1_ACC_0006,17616.0,2026-08-11T13:55:20,1,UPI,SUCCESS
TXN_100568,ACK20260900203,MUL1_ACC_0006,CASH_ATM_ATM_0039,17393.14,2026-08-11T17:46:35.945340,3,ATM_CASH_WITHDRAWAL,COMPLETED
TXN_100569,ACK20260900204,VIC_ACC_0249,MUL1_ACC_0080,55934.0,2026-08-07T03:14:36,1,UPI,SUCCESS
TXN_100570,ACK20260900204,MUL1_ACC_0080,MUL2_ACC_0004,48778.49,2026-08-07T03:39:36,2,IMPS,SUCCESS
TXN_100571,ACK20260900204,MUL2_ACC_0004,CASH_ATM_ATM_0019,43964.47,2026-08-07T04:18:13.642928,3,ATM_CASH_WITHDRAWAL,COMPLETED
TXN_100572,ACK20260900205,VIC_ACC_0252,MUL1_ACC_0048,12956.0,2026-08-30T02:42:51,1,UPI,SUCCESS
TXN_100573,ACK20260900205,MUL1_ACC_0048,MUL2_ACC_0018,11065.27,2026-08-30T03:17:51,2,IMPS,SUCCESS
TXN_100574,ACK20260900205,MUL2_ACC_0018,CASH_ATM_ATM_0016,10882.09,2026-08-30T03:47:51,3,ATM_CASH_WITHDRAWAL,COMPLETED
TXN_100575,ACK20260900206,VIC_ACC_0111,MUL1_ACC_0068,74685.0,2026-08-31T16:17:06,1,UPI,SUCCESS
TXN_100576,ACK20260900206,MUL1_ACC_0068,MUL2_ACC_0012,69054.56,2026-08-31T16:45:06,2,IMPS,SUCCESS
TXN_100577,ACK20260900206,MUL2_ACC_0012,CASH_ATM_ATM_0080,66806.78,2026-08-31T18:29:12.861580,3,ATM_CASH_WITHDRAWAL,COMPLETED
TXN_100578,ACK20260900207,VIC_ACC_0219,MUL1_ACC_0085,92085.0,2026-08-29T03:13:50,1,UPI,SUCCESS
TXN_100579,ACK20260900207,MUL1_ACC_0085,MUL2_ACC_0029,86582.78,2026-08-29T03:37:50,2,IMPS,SUCCESS
TXN_100580,ACK20260900207,MUL2_ACC_0029,CASH_ATM_ATM_0073,85239.48,2026-08-29T05:35:12.963103,3,ATM_CASH_WITHDRAWAL,COMPLETED
TXN_100581,ACK20260900208,VIC_ACC_0221,MUL1_ACC_0071,345250.0,2026-08-27T23:35:38,1,UPI,SUCCESS
TXN_100582,ACK20260900208,MUL1_ACC_0071,MUL2_ACC_0024,308912.43,2026-08-28T00:05:38,2,IMPS,SUCCESS
TXN_100583,ACK20260900208,MUL2_ACC_0024,CASH_ATM_ATM_0088,278027.23,2026-08-28T03:07:00.207356,3,ATM_CASH_WITHDRAWAL,COMPLETED
TXN_100584,ACK20260900209,VIC_ACC_0146,MUL1_ACC_0041,5860.0,2026-08-20T00:34:08,1,UPI,SUCCESS
TXN_100585,ACK20260900209,MUL1_ACC_0041,MUL2_ACC_0018,5307.01,2026-08-20T01:08:08,2,IMPS,SUCCESS
TXN_100586,ACK20260900209,MUL2_ACC_0018,CASH_ATM_ATM_0030,4826.35,2026-08-20T02:02:06.601059,3,ATM_CASH_WITHDRAWAL,COMPLETED
TXN_100587,ACK20260900210,VIC_ACC_0080,MUL1_ACC_0012,180996.0,2026-08-05T08:33:56,1,UPI,SUCCESS
TXN_100588,ACK20260900210,MUL1_ACC_0012,MUL2_ACC_0014,166943.12,2026-08-05T08:39:56,2,IMPS,SUCCESS
TXN_100589,ACK20260900210,MUL2_ACC_0014,CASH_ATM_ATM_0106,153135.3,2026-08-05T14:18:17.397731,3,ATM_CASH_WITHDRAWAL,COMPLETED
TXN_100590,ACK20260900211,VIC_ACC_0296,MUL1_ACC_0049,9898.0,2026-08-27T03:40:41,1,UPI,SUCCESS
TXN_100591,ACK20260900211,MUL1_ACC_0049,MUL2_ACC_0022,9284.12,2026-08-27T04:04:41,2,IMPS,SUCCESS
TXN_100592,ACK20260900211,MUL2_ACC_0022,CASH_ATM_ATM_0096,8742.41,2026-08-27T06:44:33.828970,3,ATM_CASH_WITHDRAWAL,COMPLETED
TXN_100593,ACK20260900212,VIC_ACC_0117,MUL1_ACC_0006,55133.0,2026-08-24T21:00:38,1,UPI,SUCCESS
TXN_100594,ACK20260900212,MUL1_ACC_0006,MUL2_ACC_0010,49632.94,2026-08-24T21:22:38,2,IMPS,SUCCESS
TXN_100595,ACK20260900212,MUL2_ACC_0010,CASH_ATM_ATM_0056,45430.01,2026-08-25T01:58:05.993605,3,ATM_CASH_WITHDRAWAL,COMPLETED
TXN_100596,ACK20260900213,VIC_ACC_0202,MUL1_ACC_0019,49109.0,2026-08-15T19:39:32,1,UPI,SUCCESS
TXN_100597,ACK20260900213,MUL1_ACC_0019,MUL2_ACC_0031,44434.57,2026-08-15T19:44:32,2,IMPS,SUCCESS
TXN_100598,ACK20260900213,MUL2_ACC_0031,CASH_ATM_ATM_0059,40369.16,2026-08-15T20:25:00.513453,3,ATM_CASH_WITHDRAWAL,COMPLETED
TXN_100599,ACK20260900214,VIC_ACC_0067,MUL1_ACC_0026,305779.0,2026-08-25T04:39:35,1,UPI,SUCCESS
TXN_100600,ACK20260900214,MUL1_ACC_0026,MUL2_ACC_0034,267321.64,2026-08-25T04:56:35,2,IMPS,SUCCESS
TXN_100601,ACK20260900214,MUL2_ACC_0034,CASH_ATM_ATM_0059,261354.27,2026-08-25T07:02:16.246889,3,ATM_CASH_WITHDRAWAL,COMPLETED
TXN_100602,ACK20260900215,VIC_ACC_0295,MUL1_ACC_0045,52876.0,2026-08-03T03:52:26,1,UPI,SUCCESS
TXN_100603,ACK20260900215,MUL1_ACC_0045,MUL2_ACC_0020,50166.91,2026-08-03T04:04:26,2,IMPS,SUCCESS
TXN_100604,ACK20260900215,MUL2_ACC_0020,CASH_ATM_ATM_0100,48276.53,2026-08-03T13:14:34.657128,3,ATM_CASH_WITHDRAWAL,COMPLETED
TXN_100605,ACK20260900216,VIC_ACC_0120,MUL1_ACC_0080,108915.0,2026-08-07T21:38:09,1,UPI,SUCCESS
TXN_100606,ACK20260900216,MUL1_ACC_0080,MUL2_ACC_0019,96316.49,2026-08-07T21:40:09,2,IMPS,SUCCESS
TXN_100607,ACK20260900216,MUL2_ACC_0019,CASH_ATM_ATM_0026,89623.63,2026-08-08T04:07:40.674500,3,ATM_CASH_WITHDRAWAL,COMPLETED
TXN_100608,ACK20260900217,VIC_ACC_0170,MUL1_ACC_0071,336483.0,2026-08-07T23:42:13,1,UPI,SUCCESS
TXN_100609,ACK20260900217,MUL1_ACC_0071,MUL2_ACC_0010,298682.72,2026-08-07T23:45:13,2,IMPS,SUCCESS
TXN_100610,ACK20260900217,MUL2_ACC_0010,CASH_ATM_ATM_0116,270113.18,2026-08-08T00:15:13,3,ATM_CASH_WITHDRAWAL,COMPLETED
TXN_100611,ACK20260900218,VIC_ACC_0146,MUL1_ACC_0050,65943.0,2026-08-07T22:50:17,1,UPI,SUCCESS
TXN_100612,ACK20260900218,MUL1_ACC_0050,MUL2_ACC_0024,56177.36,2026-08-07T22:58:17,2,IMPS,SUCCESS
TXN_100613,ACK20260900218,MUL2_ACC_0024,CASH_ATM_ATM_0089,51858.27,2026-08-08T00:32:02.903301,3,ATM_CASH_WITHDRAWAL,COMPLETED
TXN_100614,ACK20260900219,VIC_ACC_0051,MUL1_ACC_0065,328690.0,2026-08-29T10:39:55,1,UPI,SUCCESS
TXN_100615,ACK20260900219,MUL1_ACC_0065,MUL2_ACC_0002,287518.03,2026-08-29T10:43:55,2,IMPS,SUCCESS
TXN_100616,ACK20260900219,MUL2_ACC_0002,CASH_ATM_ATM_0119,267533.44,2026-08-29T13:56:38.998645,3,ATM_CASH_WITHDRAWAL,COMPLETED
TXN_100617,ACK20260900220,VIC_ACC_0081,MUL1_ACC_0036,377801.0,2026-08-01T11:56:22,1,UPI,SUCCESS
TXN_100618,ACK20260900220,MUL1_ACC_0036,MUL2_ACC_0017,354770.33,2026-08-01T12:22:22,2,IMPS,SUCCESS
TXN_100619,ACK20260900220,MUL2_ACC_0017,CASH_ATM_ATM_0002,352788.47,2026-08-01T19:02:45.980428,3,ATM_CASH_WITHDRAWAL,COMPLETED
TXN_100620,ACK20260900221,VIC_ACC_0116,MUL1_ACC_0067,22991.0,2026-08-05T11:08:25,1,UPI,SUCCESS
TXN_100621,ACK20260900221,MUL1_ACC_0067,MUL2_ACC_0015,20094.96,2026-08-05T11:36:25,2,IMPS,SUCCESS
TXN_100622,ACK20260900221,MUL2_ACC_0015,CASH_ATM_ATM_0035,18942.44,2026-08-05T18:41:44.824781,3,ATM_CASH_WITHDRAWAL,COMPLETED
TXN_100623,ACK20260900222,VIC_ACC_0169,MUL1_ACC_0026,23163.0,2026-08-15T17:22:13,1,UPI,SUCCESS
TXN_100624,ACK20260900222,MUL1_ACC_0026,MUL2_ACC_0034,20684.71,2026-08-15T17:32:13,2,IMPS,SUCCESS
TXN_100625,ACK20260900222,MUL2_ACC_0034,CASH_ATM_ATM_0032,19973.64,2026-08-15T19:20:32.142556,3,ATM_CASH_WITHDRAWAL,COMPLETED
TXN_100626,ACK20260900223,VIC_ACC_0081,MUL1_ACC_0004,146539.0,2026-08-11T02:48:34,1,UPI,SUCCESS
TXN_100627,ACK20260900223,MUL1_ACC_0004,MUL2_ACC_0027,129003.38,2026-08-11T03:16:34,2,IMPS,SUCCESS
TXN_100628,ACK20260900223,MUL2_ACC_0027,CASH_ATM_ATM_0058,118063.34,2026-08-11T06:51:40.874443,3,ATM_CASH_WITHDRAWAL,COMPLETED
TXN_100629,ACK20260900224,VIC_ACC_0068,MUL1_ACC_0030,39978.0,2026-08-06T00:58:39,1,UPI,SUCCESS
TXN_100630,ACK20260900224,MUL1_ACC_0030,MUL2_ACC_0002,34299.03,2026-08-06T01:22:39,2,IMPS,SUCCESS
TXN_100631,ACK20260900224,MUL2_ACC_0002,CASH_ATM_ATM_0109,31329.03,2026-08-06T06:26:35.745253,3,ATM_CASH_WITHDRAWAL,COMPLETED
TXN_100632,ACK20260900225,VIC_ACC_0241,MUL1_ACC_0025,69414.0,2026-08-23T20:27:11,1,UPI,SUCCESS
TXN_100633,ACK20260900225,MUL1_ACC_0025,MUL2_ACC_0001,65597.6,2026-08-23T20:46:11,2,IMPS,SUCCESS
TXN_100634,ACK20260900225,MUL2_ACC_0001,CASH_ATM_ATM_0052,63907.59,2026-08-23T22:22:23.431479,3,ATM_CASH_WITHDRAWAL,COMPLETED
TXN_100635,ACK20260900226,VIC_ACC_0105,MUL1_ACC_0032,69217.0,2026-08-03T06:06:28,1,UPI,SUCCESS
TXN_100636,ACK20260900226,MUL1_ACC_0032,MUL2_ACC_0003,63819.46,2026-08-03T06:32:28,2,IMPS,SUCCESS
TXN_100637,ACK20260900226,MUL2_ACC_0003,CASH_ATM_ATM_0089,61340.11,2026-08-03T09:00:37.387882,3,ATM_CASH_WITHDRAWAL,COMPLETED
TXN_100638,ACK20260900227,VIC_ACC_0275,MUL1_ACC_0006,88242.0,2026-08-17T21:11:45,1,UPI,SUCCESS
TXN_100639,ACK20260900227,MUL1_ACC_0006,CASH_ATM_ATM_0119,84164.06,2026-08-18T00:34:42.903585,3,ATM_CASH_WITHDRAWAL,COMPLETED
TXN_100640,ACK20260900228,VIC_ACC_0021,MUL1_ACC_0051,11461.0,2026-08-18T12:48:48,1,UPI,SUCCESS
TXN_100641,ACK20260900228,MUL1_ACC_0051,MUL2_ACC_0019,9932.66,2026-08-18T13:19:48,2,IMPS,SUCCESS
TXN_100642,ACK20260900228,MUL2_ACC_0019,CASH_ATM_ATM_0064,9548.4,2026-08-19T07:46:54.342907,3,ATM_CASH_WITHDRAWAL,COMPLETED
TXN_100643,ACK20260900229,VIC_ACC_0265,MUL1_ACC_0015,64204.0,2026-08-29T04:32:53,1,UPI,SUCCESS
TXN_100644,ACK20260900229,MUL1_ACC_0015,MUL2_ACC_0035,57097.05,2026-08-29T04:42:53,2,IMPS,SUCCESS
TXN_100645,ACK20260900229,MUL2_ACC_0035,CASH_ATM_ATM_0077,53961.77,2026-08-29T08:50:18.061321,3,ATM_CASH_WITHDRAWAL,COMPLETED
TXN_100646,ACK20260900230,VIC_ACC_0104,MUL1_ACC_0012,26495.0,2026-08-29T14:07:16,1,UPI,SUCCESS
TXN_100647,ACK20260900230,MUL1_ACC_0012,MUL2_ACC_0024,23908.6,2026-08-29T14:14:16,2,IMPS,SUCCESS
TXN_100648,ACK20260900230,MUL2_ACC_0024,CASH_ATM_ATM_0089,23255.59,2026-08-29T17:39:37.403200,3,ATM_CASH_WITHDRAWAL,COMPLETED
TXN_100649,ACK20260900231,VIC_ACC_0082,MUL1_ACC_0020,48934.0,2026-08-13T17:27:02,1,UPI,SUCCESS
TXN_100650,ACK20260900231,MUL1_ACC_0020,CASH_ATM_ATM_0039,47804.39,2026-08-13T19:03:18.913311,3,ATM_CASH_WITHDRAWAL,COMPLETED
TXN_100651,ACK20260900232,VIC_ACC_0158,MUL1_ACC_0026,28684.0,2026-08-10T23:50:28,1,UPI,SUCCESS
TXN_100652,ACK20260900232,MUL1_ACC_0026,MUL2_ACC_0017,25696.97,2026-08-10T23:52:28,2,IMPS,SUCCESS
TXN_100653,ACK20260900232,MUL2_ACC_0017,CASH_ATM_ATM_0112,24523.91,2026-08-11T00:22:28,3,ATM_CASH_WITHDRAWAL,COMPLETED
TXN_100654,ACK20260900233,VIC_ACC_0253,MUL1_ACC_0077,64472.0,2026-08-08T06:47:42,1,UPI,SUCCESS
TXN_100655,ACK20260900233,MUL1_ACC_0077,MUL2_ACC_0018,55116.59,2026-08-08T07:02:42,2,IMPS,SUCCESS
TXN_100656,ACK20260900233,MUL2_ACC_0018,CASH_ATM_ATM_0031,49908.42,2026-08-08T09:43:38.451570,3,ATM_CASH_WITHDRAWAL,COMPLETED
TXN_100657,ACK20260900234,VIC_ACC_0075,MUL1_ACC_0014,44117.0,2026-08-28T01:49:36,1,UPI,SUCCESS
TXN_100658,ACK20260900234,MUL1_ACC_0014,CASH_ATM_ATM_0037,42670.36,2026-08-28T08:20:14.405181,3,ATM_CASH_WITHDRAWAL,COMPLETED
TXN_100659,ACK20260900235,VIC_ACC_0294,MUL1_ACC_0042,67210.0,2026-08-26T17:17:29,1,UPI,SUCCESS
TXN_100660,ACK20260900235,MUL1_ACC_0042,CASH_ATM_ATM_0021,65586.49,2026-08-26T21:58:14.694463,3,ATM_CASH_WITHDRAWAL,COMPLETED
TXN_100661,ACK20260900236,VIC_ACC_0034,MUL1_ACC_0027,48150.0,2026-08-10T15:20:07,1,UPI,SUCCESS
TXN_100662,ACK20260900236,MUL1_ACC_0027,MUL2_ACC_0004,43678.63,2026-08-10T15:28:07,2,IMPS,SUCCESS
TXN_100663,ACK20260900236,MUL2_ACC_0004,CASH_ATM_ATM_0116,43622.67,2026-08-10T20:50:55.646944,3,ATM_CASH_WITHDRAWAL,COMPLETED
TXN_100664,ACK20260900237,VIC_ACC_0148,MUL1_ACC_0017,325456.0,2026-08-14T20:04:20,1,UPI,SUCCESS
TXN_100665,ACK20260900237,MUL1_ACC_0017,MUL2_ACC_0034,292666.45,2026-08-14T20:37:20,2,IMPS,SUCCESS
TXN_100666,ACK20260900237,MUL2_ACC_0034,CASH_ATM_ATM_0039,289261.68,2026-08-14T21:39:03.505907,3,ATM_CASH_WITHDRAWAL,COMPLETED
TXN_100667,ACK20260900238,VIC_ACC_0149,MUL1_ACC_0079,20456.0,2026-08-07T00:14:01,1,UPI,SUCCESS
TXN_100668,ACK20260900238,MUL1_ACC_0079,MUL2_ACC_0022,18533.99,2026-08-07T00:38:01,2,IMPS,SUCCESS
TXN_100669,ACK20260900238,MUL2_ACC_0022,CASH_ATM_ATM_0047,16701.53,2026-08-07T08:31:32.952916,3,ATM_CASH_WITHDRAWAL,COMPLETED
TXN_100670,ACK20260900239,VIC_ACC_0145,MUL1_ACC_0088,47457.0,2026-08-09T02:25:19,1,UPI,SUCCESS
TXN_100671,ACK20260900239,MUL1_ACC_0088,MUL2_ACC_0002,41259.19,2026-08-09T02:38:19,2,IMPS,SUCCESS
TXN_100672,ACK20260900239,MUL2_ACC_0002,CASH_ATM_ATM_0076,40938.52,2026-08-09T03:12:29.243949,3,ATM_CASH_WITHDRAWAL,COMPLETED
TXN_100673,ACK20260900240,VIC_ACC_0243,MUL1_ACC_0043,131467.0,2026-08-26T01:49:08,1,UPI,SUCCESS
TXN_100674,ACK20260900240,MUL1_ACC_0043,MUL2_ACC_0027,122725.83,2026-08-26T01:54:08,2,IMPS,SUCCESS
TXN_100675,ACK20260900240,MUL2_ACC_0027,CASH_ATM_ATM_0068,117386.55,2026-08-26T02:24:08,3,ATM_CASH_WITHDRAWAL,COMPLETED
TXN_100676,ACK20260900241,VIC_ACC_0285,MUL1_ACC_0020,124796.0,2026-08-18T00:18:36,1,UPI,SUCCESS
TXN_100677,ACK20260900241,MUL1_ACC_0020,CASH_ATM_ATM_0076,124591.57,2026-08-18T01:48:58.113278,3,ATM_CASH_WITHDRAWAL,COMPLETED
TXN_100678,ACK20260900242,VIC_ACC_0085,MUL1_ACC_0041,35315.0,2026-08-19T19:36:11,1,UPI,SUCCESS
TXN_100679,ACK20260900242,MUL1_ACC_0041,MUL2_ACC_0027,31773.1,2026-08-19T19:43:11,2,IMPS,SUCCESS
TXN_100680,ACK20260900242,MUL2_ACC_0027,CASH_ATM_ATM_0055,29776.43,2026-08-19T20:13:11,3,ATM_CASH_WITHDRAWAL,COMPLETED
TXN_100681,ACK20260900243,VIC_ACC_0155,MUL1_ACC_0012,54049.0,2026-08-07T16:27:11,1,UPI,SUCCESS
TXN_100682,ACK20260900243,MUL1_ACC_0012,MUL2_ACC_0031,46774.42,2026-08-07T17:01:11,2,IMPS,SUCCESS
TXN_100683,ACK20260900243,MUL2_ACC_0031,CASH_ATM_ATM_0076,46417.24,2026-08-07T20:26:58.149569,3,ATM_CASH_WITHDRAWAL,COMPLETED
TXN_100684,ACK20260900244,VIC_ACC_0269,MUL1_ACC_0027,127759.0,2026-08-10T10:21:49,1,UPI,SUCCESS
TXN_100685,ACK20260900244,MUL1_ACC_0027,MUL2_ACC_0025,110075.06,2026-08-10T10:56:49,2,IMPS,SUCCESS
TXN_100686,ACK20260900244,MUL2_ACC_0025,CASH_ATM_ATM_0067,109330.26,2026-08-10T16:09:43.359835,3,ATM_CASH_WITHDRAWAL,COMPLETED
TXN_100687,ACK20260900245,VIC_ACC_0045,MUL1_ACC_0003,88233.0,2026-08-11T15:06:02,1,UPI,SUCCESS
TXN_100688,ACK20260900245,MUL1_ACC_0003,MUL2_ACC_0014,76767.61,2026-08-11T15:28:02,2,IMPS,SUCCESS
TXN_100689,ACK20260900245,MUL2_ACC_0014,CASH_ATM_ATM_0069,71214.62,2026-08-12T05:09:14.811216,3,ATM_CASH_WITHDRAWAL,COMPLETED
TXN_100690,ACK20260900246,VIC_ACC_0226,MUL1_ACC_0072,40866.0,2026-08-22T03:26:09,1,UPI,SUCCESS
TXN_100691,ACK20260900246,MUL1_ACC_0072,MUL2_ACC_0035,36981.14,2026-08-22T03:50:09,2,IMPS,SUCCESS
TXN_100692,ACK20260900246,MUL2_ACC_0035,CASH_ATM_ATM_0063,33806.52,2026-08-22T07:34:32.174223,3,ATM_CASH_WITHDRAWAL,COMPLETED
TXN_100693,ACK20260900247,VIC_ACC_0146,MUL1_ACC_0007,100381.0,2026-08-19T07:13:04,1,UPI,SUCCESS
TXN_100694,ACK20260900247,MUL1_ACC_0007,MUL2_ACC_0004,89174.46,2026-08-19T07:21:04,2,IMPS,SUCCESS
TXN_100695,ACK20260900247,MUL2_ACC_0004,CASH_ATM_ATM_0016,84060.0,2026-08-19T09:22:36.332416,3,ATM_CASH_WITHDRAWAL,COMPLETED
TXN_100696,ACK20260900248,VIC_ACC_0229,MUL1_ACC_0073,74924.0,2026-08-20T11:22:21,1,UPI,SUCCESS
TXN_100697,ACK20260900248,MUL1_ACC_0073,MUL2_ACC_0030,67098.82,2026-08-20T11:30:21,2,IMPS,SUCCESS
TXN_100698,ACK20260900248,MUL2_ACC_0030,CASH_ATM_ATM_0105,63546.25,2026-08-20T12:16:32.831814,3,ATM_CASH_WITHDRAWAL,COMPLETED
TXN_100699,ACK20260900249,VIC_ACC_0074,MUL1_ACC_0043,56390.0,2026-08-28T19:29:58,1,UPI,SUCCESS
TXN_100700,ACK20260900249,MUL1_ACC_0043,CASH_ATM_ATM_0071,53307.06,2026-08-29T02:24:54.928914,3,ATM_CASH_WITHDRAWAL,COMPLETED
TXN_100701,ACK20260900250,VIC_ACC_0244,MUL1_ACC_0074,41996.0,2026-08-04T11:33:29,1,UPI,SUCCESS
TXN_100702,ACK20260900250,MUL1_ACC_0074,MUL2_ACC_0026,37065.12,2026-08-04T11:41:29,2,IMPS,SUCCESS
TXN_100703,ACK20260900250,MUL2_ACC_0026,CASH_ATM_ATM_0020,36295.76,2026-08-04T16:15:16.360904,3,ATM_CASH_WITHDRAWAL,COMPLETED
TXN_100704,ACK20260900251,VIC_ACC_0206,MUL1_ACC_0009,337283.0,2026-08-19T13:21:39,1,UPI,SUCCESS
TXN_100705,ACK20260900251,MUL1_ACC_0009,MUL2_ACC_0028,305821.62,2026-08-19T13:50:39,2,IMPS,SUCCESS
TXN_100706,ACK20260900251,MUL2_ACC_0028,CASH_ATM_ATM_0071,291892.27,2026-08-20T04:28:00.875097,3,ATM_CASH_WITHDRAWAL,COMPLETED
TXN_100707,ACK20260900252,VIC_ACC_0040,MUL1_ACC_0042,19984.0,2026-08-24T22:45:53,1,UPI,SUCCESS
TXN_100708,ACK20260900252,MUL1_ACC_0042,MUL2_ACC_0029,17601.98,2026-08-24T22:58:53,2,IMPS,SUCCESS
TXN_100709,ACK20260900252,MUL2_ACC_0029,CASH_ATM_ATM_0088,15964.31,2026-08-24T23:49:19.230305,3,ATM_CASH_WITHDRAWAL,COMPLETED
TXN_100710,ACK20260900253,VIC_ACC_0195,MUL1_ACC_0075,16866.0,2026-08-11T15:56:42,1,UPI,SUCCESS
TXN_100711,ACK20260900253,MUL1_ACC_0075,MUL2_ACC_0001,15450.74,2026-08-11T16:07:42,2,IMPS,SUCCESS
TXN_100712,ACK20260900253,MUL2_ACC_0001,CASH_ATM_ATM_0099,14726.5,2026-08-11T19:15:06.825958,3,ATM_CASH_WITHDRAWAL,COMPLETED
TXN_100713,ACK20260900254,VIC_ACC_0296,MUL1_ACC_0039,207147.0,2026-08-15T06:28:43,1,UPI,SUCCESS
TXN_100714,ACK20260900254,MUL1_ACC_0039,CASH_ATM_ATM_0095,201301.13,2026-08-15T13:42:36.037346,3,ATM_CASH_WITHDRAWAL,COMPLETED
TXN_100715,ACK20260900255,VIC_ACC_0046,MUL1_ACC_0048,21718.0,2026-08-19T00:54:32,1,UPI,SUCCESS
TXN_100716,ACK20260900255,MUL1_ACC_0048,MUL2_ACC_0004,19987.84,2026-08-19T00:56:32,2,IMPS,SUCCESS
TXN_100717,ACK20260900255,MUL2_ACC_0004,CASH_ATM_ATM_0083,18208.32,2026-08-19T01:26:32,3,ATM_CASH_WITHDRAWAL,COMPLETED
TXN_100718,ACK20260900256,VIC_ACC_0016,MUL1_ACC_0049,46697.0,2026-08-08T13:51:37,1,UPI,SUCCESS
TXN_100719,ACK20260900256,MUL1_ACC_0049,MUL2_ACC_0012,40341.86,2026-08-08T14:23:37,2,IMPS,SUCCESS
TXN_100720,ACK20260900256,MUL2_ACC_0012,CASH_ATM_ATM_0089,39709.81,2026-08-08T15:11:32.330852,3,ATM_CASH_WITHDRAWAL,COMPLETED
TXN_100721,ACK20260900257,VIC_ACC_0214,MUL1_ACC_0003,120400.0,2026-08-05T09:58:42,1,UPI,SUCCESS
TXN_100722,ACK20260900257,MUL1_ACC_0003,MUL2_ACC_0032,114078.7,2026-08-05T10:27:42,2,IMPS,SUCCESS
TXN_100723,ACK20260900257,MUL2_ACC_0032,CASH_ATM_ATM_0035,103636.66,2026-08-05T11:59:54.677269,3,ATM_CASH_WITHDRAWAL,COMPLETED
TXN_100724,ACK20260900258,VIC_ACC_0213,MUL1_ACC_0059,141937.0,2026-08-28T15:06:50,1,UPI,SUCCESS
TXN_100725,ACK20260900258,MUL1_ACC_0059,MUL2_ACC_0029,125689.57,2026-08-28T15:32:50,2,IMPS,SUCCESS
TXN_100726,ACK20260900258,MUL2_ACC_0029,CASH_ATM_ATM_0038,118459.55,2026-08-28T16:06:41.266265,3,ATM_CASH_WITHDRAWAL,COMPLETED
TXN_100727,ACK20260900259,VIC_ACC_0256,MUL1_ACC_0047,40291.0,2026-08-28T23:16:45,1,UPI,SUCCESS
TXN_100728,ACK20260900259,MUL1_ACC_0047,CASH_ATM_ATM_0108,39101.94,2026-08-29T06:53:08.273561,3,ATM_CASH_WITHDRAWAL,COMPLETED
TXN_100729,ACK20260900260,VIC_ACC_0247,MUL1_ACC_0067,41624.0,2026-08-31T22:20:09,1,UPI,SUCCESS
TXN_100730,ACK20260900260,MUL1_ACC_0067,MUL2_ACC_0016,38005.47,2026-08-31T22:52:09,2,IMPS,SUCCESS
TXN_100731,ACK20260900260,MUL2_ACC_0016,CASH_ATM_ATM_0017,36804.78,2026-08-31T23:22:09,3,ATM_CASH_WITHDRAWAL,COMPLETED
TXN_100732,ACK20260900261,VIC_ACC_0297,MUL1_ACC_0059,330511.0,2026-08-10T19:12:57,1,UPI,SUCCESS
TXN_100733,ACK20260900261,MUL1_ACC_0059,CASH_ATM_ATM_0076,311374.95,2026-08-10T22:48:51.463156,3,ATM_CASH_WITHDRAWAL,COMPLETED
TXN_100734,ACK20260900262,VIC_ACC_0151,MUL1_ACC_0034,44855.0,2026-08-10T05:03:44,1,UPI,SUCCESS
TXN_100735,ACK20260900262,MUL1_ACC_0034,MUL2_ACC_0011,41070.67,2026-08-10T05:08:44,2,IMPS,SUCCESS
TXN_100736,ACK20260900262,MUL2_ACC_0011,CASH_ATM_ATM_0068,40285.79,2026-08-10T08:22:59.606472,3,ATM_CASH_WITHDRAWAL,COMPLETED
TXN_100737,ACK20260900263,VIC_ACC_0147,MUL1_ACC_0017,131600.0,2026-08-16T02:18:32,1,UPI,SUCCESS
TXN_100738,ACK20260900263,MUL1_ACC_0017,MUL2_ACC_0017,121617.21,2026-08-16T02:20:32,2,IMPS,SUCCESS
TXN_100739,ACK20260900263,MUL2_ACC_0017,CASH_ATM_ATM_0041,120524.25,2026-08-16T04:45:21.774165,3,ATM_CASH_WITHDRAWAL,COMPLETED
TXN_100740,ACK20260900264,VIC_ACC_0229,MUL1_ACC_0005,83559.0,2026-08-12T05:22:50,1,UPI,SUCCESS
TXN_100741,ACK20260900264,MUL1_ACC_0005,CASH_ATM_ATM_0029,80179.41,2026-08-12T07:55:46.527499,3,ATM_CASH_WITHDRAWAL,COMPLETED
TXN_100742,ACK20260900265,VIC_ACC_0254,MUL1_ACC_0027,62695.0,2026-08-25T13:59:24,1,UPI,SUCCESS
TXN_100743,ACK20260900265,MUL1_ACC_0027,MUL2_ACC_0023,57317.41,2026-08-25T14:04:24,2,IMPS,SUCCESS
TXN_100744,ACK20260900265,MUL2_ACC_0023,CASH_ATM_ATM_0026,51886.72,2026-08-25T14:34:24,3,ATM_CASH_WITHDRAWAL,COMPLETED
TXN_100745,ACK20260900266,VIC_ACC_0244,MUL1_ACC_0061,172505.0,2026-08-10T15:52:48,1,UPI,SUCCESS
TXN_100746,ACK20260900266,MUL1_ACC_0061,MUL2_ACC_0028,151611.06,2026-08-10T15:54:48,2,IMPS,SUCCESS
TXN_100747,ACK20260900266,MUL2_ACC_0028,CASH_ATM_ATM_0101,142241.56,2026-08-10T17:49:38.704505,3,ATM_CASH_WITHDRAWAL,COMPLETED
TXN_100748,ACK20260900267,VIC_ACC_0272,MUL1_ACC_0084,51376.0,2026-08-22T01:20:58,1,UPI,SUCCESS
TXN_100749,ACK20260900267,MUL1_ACC_0084,MUL2_ACC_0018,47791.58,2026-08-22T01:39:58,2,IMPS,SUCCESS
TXN_100750,ACK20260900267,MUL2_ACC_0018,CASH_ATM_ATM_0062,46139.63,2026-08-22T08:04:32.966049,3,ATM_CASH_WITHDRAWAL,COMPLETED
TXN_100751,ACK20260900268,VIC_ACC_0124,MUL1_ACC_0041,322604.0,2026-08-24T21:46:49,1,UPI,SUCCESS
TXN_100752,ACK20260900268,MUL1_ACC_0041,MUL2_ACC_0001,274599.28,2026-08-24T21:52:49,2,IMPS,SUCCESS
TXN_100753,ACK20260900268,MUL2_ACC_0001,CASH_ATM_ATM_0023,261563.07,2026-08-24T23:27:16.304791,3,ATM_CASH_WITHDRAWAL,COMPLETED
TXN_100754,ACK20260900269,VIC_ACC_0180,MUL1_ACC_0008,24461.0,2026-08-08T23:28:16,1,UPI,SUCCESS
TXN_100755,ACK20260900269,MUL1_ACC_0008,MUL2_ACC_0014,22523.87,2026-08-08T23:37:16,2,IMPS,SUCCESS
TXN_100756,ACK20260900269,MUL2_ACC_0014,CASH_ATM_ATM_0028,20466.06,2026-08-09T00:40:17.955749,3,ATM_CASH_WITHDRAWAL,COMPLETED
TXN_100757,ACK20260900270,VIC_ACC_0193,MUL1_ACC_0033,137440.0,2026-08-22T20:41:51,1,UPI,SUCCESS
TXN_100758,ACK20260900270,MUL1_ACC_0033,MUL2_ACC_0005,129505.53,2026-08-22T21:12:51,2,IMPS,SUCCESS
TXN_100759,ACK20260900270,MUL2_ACC_0005,CASH_ATM_ATM_0063,126518.6,2026-08-23T02:53:37.556473,3,ATM_CASH_WITHDRAWAL,COMPLETED
TXN_100760,ACK20260900271,VIC_ACC_0166,MUL1_ACC_0043,121856.0,2026-08-09T05:50:04,1,UPI,SUCCESS
TXN_100761,ACK20260900271,MUL1_ACC_0043,MUL2_ACC_0017,108946.27,2026-08-09T06:03:04,2,IMPS,SUCCESS
TXN_100762,ACK20260900271,MUL2_ACC_0017,CASH_ATM_ATM_0112,108722.08,2026-08-09T08:03:39.052352,3,ATM_CASH_WITHDRAWAL,COMPLETED
TXN_100763,ACK20260900272,VIC_ACC_0202,MUL1_ACC_0014,61525.0,2026-08-06T20:46:06,1,UPI,SUCCESS
TXN_100764,ACK20260900272,MUL1_ACC_0014,MUL2_ACC_0017,52510.73,2026-08-06T20:54:06,2,IMPS,SUCCESS
TXN_100765,ACK20260900272,MUL2_ACC_0017,CASH_ATM_ATM_0015,50259.83,2026-08-06T21:24:38.483514,3,ATM_CASH_WITHDRAWAL,COMPLETED
TXN_100766,ACK20260900273,VIC_ACC_0229,MUL1_ACC_0035,5113.0,2026-08-01T15:12:41,1,UPI,SUCCESS
TXN_100767,ACK20260900273,MUL1_ACC_0035,MUL2_ACC_0026,4609.57,2026-08-01T15:14:41,2,IMPS,SUCCESS
TXN_100768,ACK20260900273,MUL2_ACC_0026,CASH_ATM_ATM_0112,4369.01,2026-08-01T16:18:24.000415,3,ATM_CASH_WITHDRAWAL,COMPLETED
TXN_100769,ACK20260900274,VIC_ACC_0036,MUL1_ACC_0043,113545.0,2026-08-18T07:11:24,1,UPI,SUCCESS
TXN_100770,ACK20260900274,MUL1_ACC_0043,MUL2_ACC_0004,100661.68,2026-08-18T07:18:24,2,IMPS,SUCCESS
TXN_100771,ACK20260900274,MUL2_ACC_0004,CASH_ATM_ATM_0074,91405.4,2026-08-18T12:17:34.114395,3,ATM_CASH_WITHDRAWAL,COMPLETED
TXN_100772,ACK20260900275,VIC_ACC_0149,MUL1_ACC_0090,251412.0,2026-08-21T06:18:35,1,UPI,SUCCESS
TXN_100773,ACK20260900275,MUL1_ACC_0090,CASH_ATM_ATM_0082,238502.08,2026-08-21T06:48:35,3,ATM_CASH_WITHDRAWAL,COMPLETED
TXN_100774,ACK20260900276,VIC_ACC_0225,MUL1_ACC_0063,8324.0,2026-08-24T06:15:02,1,UPI,SUCCESS
TXN_100775,ACK20260900276,MUL1_ACC_0063,MUL2_ACC_0035,7491.34,2026-08-24T06:36:02,2,IMPS,SUCCESS
TXN_100776,ACK20260900276,MUL2_ACC_0035,CASH_ATM_ATM_0103,7466.3,2026-08-24T14:39:13.591206,3,ATM_CASH_WITHDRAWAL,COMPLETED
TXN_100777,ACK20260900277,VIC_ACC_0174,MUL1_ACC_0086,58150.0,2026-08-02T10:59:46,1,UPI,SUCCESS
TXN_100778,ACK20260900277,MUL1_ACC_0086,MUL2_ACC_0035,53736.71,2026-08-02T11:10:46,2,IMPS,SUCCESS
TXN_100779,ACK20260900277,MUL2_ACC_0035,CASH_ATM_ATM_0056,53332.69,2026-08-02T15:46:21.969895,3,ATM_CASH_WITHDRAWAL,COMPLETED
TXN_100780,ACK20260900278,VIC_ACC_0073,MUL1_ACC_0017,11003.0,2026-08-16T20:02:30,1,UPI,SUCCESS
TXN_100781,ACK20260900278,MUL1_ACC_0017,MUL2_ACC_0004,10255.61,2026-08-16T20:23:30,2,IMPS,SUCCESS
TXN_100782,ACK20260900278,MUL2_ACC_0004,CASH_ATM_ATM_0022,9697.89,2026-08-17T08:54:24.338249,3,ATM_CASH_WITHDRAWAL,COMPLETED
TXN_100783,ACK20260900279,VIC_ACC_0033,MUL1_ACC_0055,33910.0,2026-08-27T03:13:31,1,UPI,SUCCESS
TXN_100784,ACK20260900279,MUL1_ACC_0055,CASH_ATM_ATM_0091,31618.48,2026-08-27T09:52:46.567228,3,ATM_CASH_WITHDRAWAL,COMPLETED
TXN_100785,ACK20260900280,VIC_ACC_0295,MUL1_ACC_0009,10975.0,2026-08-18T04:22:53,1,UPI,SUCCESS
TXN_100786,ACK20260900280,MUL1_ACC_0009,MUL2_ACC_0027,10092.93,2026-08-18T04:34:53,2,IMPS,SUCCESS
TXN_100787,ACK20260900280,MUL2_ACC_0027,CASH_ATM_ATM_0039,9526.37,2026-08-18T08:53:16.504948,3,ATM_CASH_WITHDRAWAL,COMPLETED
TXN_100788,ACK20260900281,VIC_ACC_0021,MUL1_ACC_0063,54300.0,2026-08-05T03:52:54,1,UPI,SUCCESS
TXN_100789,ACK20260900281,MUL1_ACC_0063,MUL2_ACC_0012,49992.6,2026-08-05T03:59:54,2,IMPS,SUCCESS
TXN_100790,ACK20260900281,MUL2_ACC_0012,CASH_ATM_ATM_0069,47074.14,2026-08-05T04:37:57.769878,3,ATM_CASH_WITHDRAWAL,COMPLETED
TXN_100791,ACK20260900282,VIC_ACC_0244,MUL1_ACC_0031,40513.0,2026-08-23T04:16:09,1,UPI,SUCCESS
TXN_100792,ACK20260900282,MUL1_ACC_0031,MUL2_ACC_0003,37341.64,2026-08-23T04:29:09,2,IMPS,SUCCESS
TXN_100793,ACK20260900282,MUL2_ACC_0003,CASH_ATM_ATM_0018,35949.51,2026-08-23T07:14:42.934176,3,ATM_CASH_WITHDRAWAL,COMPLETED
TXN_100794,ACK20260900283,VIC_ACC_0179,MUL1_ACC_0047,20401.0,2026-08-14T00:49:15,1,UPI,SUCCESS
TXN_100795,ACK20260900283,MUL1_ACC_0047,MUL2_ACC_0035,17788.2,2026-08-14T01:23:15,2,IMPS,SUCCESS
TXN_100796,ACK20260900283,MUL2_ACC_0035,CASH_ATM_ATM_0046,16501.09,2026-08-14T01:53:15,3,ATM_CASH_WITHDRAWAL,COMPLETED
TXN_100797,ACK20260900284,VIC_ACC_0077,MUL1_ACC_0037,10651.0,2026-08-22T15:35:11,1,UPI,SUCCESS
TXN_100798,ACK20260900284,MUL1_ACC_0037,MUL2_ACC_0022,9099.49,2026-08-22T16:06:11,2,IMPS,SUCCESS
TXN_100799,ACK20260900284,MUL2_ACC_0022,CASH_ATM_ATM_0014,9031.12,2026-08-22T17:30:21.062492,3,ATM_CASH_WITHDRAWAL,COMPLETED
TXN_100800,ACK20260900285,VIC_ACC_0015,MUL1_ACC_0054,63303.0,2026-08-16T16:11:04,1,UPI,SUCCESS
TXN_100801,ACK20260900285,MUL1_ACC_0054,MUL2_ACC_0021,58738.7,2026-08-16T16:27:04,2,IMPS,SUCCESS
TXN_100802,ACK20260900285,MUL2_ACC_0021,CASH_ATM_ATM_0074,54202.79,2026-08-16T23:51:35.491644,3,ATM_CASH_WITHDRAWAL,COMPLETED
TXN_100803,ACK20260900286,VIC_ACC_0212,MUL1_ACC_0007,14637.0,2026-08-28T06:39:57,1,UPI,SUCCESS
TXN_100804,ACK20260900286,MUL1_ACC_0007,MUL2_ACC_0014,12702.08,2026-08-28T07:10:57,2,IMPS,SUCCESS
TXN_100805,ACK20260900286,MUL2_ACC_0014,CASH_ATM_ATM_0080,11605.13,2026-08-28T12:21:25.651090,3,ATM_CASH_WITHDRAWAL,COMPLETED
TXN_100806,ACK20260900287,VIC_ACC_0184,MUL1_ACC_0018,110729.0,2026-08-09T06:23:08,1,UPI,SUCCESS
TXN_100807,ACK20260900287,MUL1_ACC_0018,CASH_ATM_ATM_0102,104287.05,2026-08-09T06:53:08,3,ATM_CASH_WITHDRAWAL,COMPLETED
TXN_100808,ACK20260900288,VIC_ACC_0113,MUL1_ACC_0012,27273.0,2026-08-29T09:45:10,1,UPI,SUCCESS
TXN_100809,ACK20260900288,MUL1_ACC_0012,CASH_ATM_ATM_0109,26897.18,2026-08-29T21:26:03.321042,3,ATM_CASH_WITHDRAWAL,COMPLETED
TXN_100810,ACK20260900289,VIC_ACC_0243,MUL1_ACC_0075,37329.0,2026-08-27T14:21:00,1,UPI,SUCCESS
TXN_100811,ACK20260900289,MUL1_ACC_0075,CASH_ATM_ATM_0029,37007.05,2026-08-27T17:21:58.514196,3,ATM_CASH_WITHDRAWAL,COMPLETED
TXN_100812,ACK20260900290,VIC_ACC_0214,MUL1_ACC_0062,9406.0,2026-08-02T01:43:46,1,UPI,SUCCESS
TXN_100813,ACK20260900290,MUL1_ACC_0062,MUL2_ACC_0007,8460.97,2026-08-02T02:13:46,2,IMPS,SUCCESS
TXN_100814,ACK20260900290,MUL2_ACC_0007,CASH_ATM_ATM_0017,8087.41,2026-08-02T04:53:40.746752,3,ATM_CASH_WITHDRAWAL,COMPLETED
TXN_100815,ACK20260900291,VIC_ACC_0209,MUL1_ACC_0062,36334.0,2026-08-31T06:19:22,1,UPI,SUCCESS
TXN_100816,ACK20260900291,MUL1_ACC_0062,MUL2_ACC_0030,34431.63,2026-08-31T06:22:22,2,IMPS,SUCCESS
TXN_100817,ACK20260900291,MUL2_ACC_0030,CASH_ATM_ATM_0103,33646.02,2026-08-31T13:11:03.678754,3,ATM_CASH_WITHDRAWAL,COMPLETED
TXN_100818,ACK20260900292,VIC_ACC_0208,MUL1_ACC_0050,5178.0,2026-08-06T11:55:29,1,UPI,SUCCESS
TXN_100819,ACK20260900292,MUL1_ACC_0050,MUL2_ACC_0034,4554.87,2026-08-06T11:59:29,2,IMPS,SUCCESS
TXN_100820,ACK20260900292,MUL2_ACC_0034,CASH_ATM_ATM_0062,4417.34,2026-08-06T19:50:46.160839,3,ATM_CASH_WITHDRAWAL,COMPLETED
TXN_100821,ACK20260900293,VIC_ACC_0295,MUL1_ACC_0066,101324.0,2026-08-26T07:05:43,1,UPI,SUCCESS
TXN_100822,ACK20260900293,MUL1_ACC_0066,MUL2_ACC_0004,90005.65,2026-08-26T07:14:43,2,IMPS,SUCCESS
TXN_100823,ACK20260900293,MUL2_ACC_0004,CASH_ATM_ATM_0100,86577.64,2026-08-26T07:44:43,3,ATM_CASH_WITHDRAWAL,COMPLETED
TXN_100824,ACK20260900294,VIC_ACC_0090,MUL1_ACC_0043,421896.0,2026-08-21T17:49:04,1,UPI,SUCCESS
TXN_100825,ACK20260900294,MUL1_ACC_0043,MUL2_ACC_0031,390387.69,2026-08-21T18:04:04,2,IMPS,SUCCESS
TXN_100826,ACK20260900294,MUL2_ACC_0031,CASH_ATM_ATM_0055,363859.43,2026-08-21T19:57:39.015261,3,ATM_CASH_WITHDRAWAL,COMPLETED
TXN_100827,ACK20260900295,VIC_ACC_0258,MUL1_ACC_0065,53865.0,2026-08-22T13:26:03,1,UPI,SUCCESS
TXN_100828,ACK20260900295,MUL1_ACC_0065,CASH_ATM_ATM_0107,52301.97,2026-08-22T14:03:13.398380,3,ATM_CASH_WITHDRAWAL,COMPLETED
TXN_100829,ACK20260900296,VIC_ACC_0273,MUL1_ACC_0025,124844.0,2026-08-29T09:43:39,1,UPI,SUCCESS
TXN_100830,ACK20260900296,MUL1_ACC_0025,CASH_ATM_ATM_0019,113360.48,2026-08-29T17:27:40.257432,3,ATM_CASH_WITHDRAWAL,COMPLETED
TXN_100831,ACK20260900297,VIC_ACC_0148,MUL1_ACC_0020,19683.0,2026-08-31T02:20:10,1,UPI,SUCCESS
TXN_100832,ACK20260900297,MUL1_ACC_0020,MUL2_ACC_0002,17550.42,2026-08-31T02:40:10,2,IMPS,SUCCESS
TXN_100833,ACK20260900297,MUL2_ACC_0002,CASH_ATM_ATM_0033,16627.1,2026-08-31T08:39:11.076104,3,ATM_CASH_WITHDRAWAL,COMPLETED
TXN_100834,ACK20260900298,VIC_ACC_0011,MUL1_ACC_0053,487752.0,2026-08-10T06:14:01,1,UPI,SUCCESS
TXN_100835,ACK20260900298,MUL1_ACC_0053,MUL2_ACC_0021,443530.32,2026-08-10T06:47:01,2,IMPS,SUCCESS
TXN_100836,ACK20260900298,MUL2_ACC_0021,CASH_ATM_ATM_0116,436518.45,2026-08-10T12:49:02.567215,3,ATM_CASH_WITHDRAWAL,COMPLETED
TXN_100837,ACK20260900299,VIC_ACC_0156,MUL1_ACC_0062,140039.0,2026-08-19T05:03:50,1,UPI,SUCCESS
TXN_100838,ACK20260900299,MUL1_ACC_0062,CASH_ATM_ATM_0013,128112.42,2026-08-19T06:29:34.342370,3,ATM_CASH_WITHDRAWAL,COMPLETED
TXN_100839,ACK20260900300,VIC_ACC_0086,MUL1_ACC_0020,28891.0,2026-08-20T05:48:34,1,UPI,SUCCESS
TXN_100840,ACK20260900300,MUL1_ACC_0020,MUL2_ACC_0003,26217.21,2026-08-20T06:10:34,2,IMPS,SUCCESS
TXN_100841,ACK20260900300,MUL2_ACC_0003,CASH_ATM_ATM_0099,24278.2,2026-08-20T07:40:22.022856,3,ATM_CASH_WITHDRAWAL,COMPLETED
TXN_100842,ACK20260900301,VIC_ACC_0288,MUL1_ACC_0021,24391.0,2026-08-23T01:51:20,1,UPI,SUCCESS
TXN_100843,ACK20260900301,MUL1_ACC_0021,MUL2_ACC_0002,23003.32,2026-08-23T02:18:20,2,IMPS,SUCCESS
TXN_100844,ACK20260900301,MUL2_ACC_0002,CASH_ATM_ATM_0030,22883.22,2026-08-23T03:49:33.986480,3,ATM_CASH_WITHDRAWAL,COMPLETED
TXN_100845,ACK20260900302,VIC_ACC_0080,MUL1_ACC_0074,43739.0,2026-08-01T23:45:32,1,UPI,SUCCESS
TXN_100846,ACK20260900302,MUL1_ACC_0074,MUL2_ACC_0029,40192.41,2026-08-02T00:08:32,2,IMPS,SUCCESS
TXN_100847,ACK20260900302,MUL2_ACC_0029,CASH_ATM_ATM_0108,39791.19,2026-08-02T00:38:32,3,ATM_CASH_WITHDRAWAL,COMPLETED
TXN_100848,ACK20260900303,VIC_ACC_0283,MUL1_ACC_0042,33883.0,2026-08-04T09:02:25,1,UPI,SUCCESS
TXN_100849,ACK20260900303,MUL1_ACC_0042,MUL2_ACC_0013,29553.24,2026-08-04T09:37:25,2,IMPS,SUCCESS
TXN_100850,ACK20260900303,MUL2_ACC_0013,CASH_ATM_ATM_0059,27176.32,2026-08-04T10:17:47.075200,3,ATM_CASH_WITHDRAWAL,COMPLETED
TXN_100851,ACK20260900304,VIC_ACC_0229,MUL1_ACC_0078,30486.0,2026-08-22T21:14:32,1,UPI,SUCCESS
TXN_100852,ACK20260900304,MUL1_ACC_0078,CASH_ATM_ATM_0080,28649.4,2026-08-23T00:50:46.078474,3,ATM_CASH_WITHDRAWAL,COMPLETED
TXN_100853,ACK20260900305,VIC_ACC_0219,MUL1_ACC_0072,65209.0,2026-08-12T12:25:00,1,UPI,SUCCESS
TXN_100854,ACK20260900305,MUL1_ACC_0072,MUL2_ACC_0029,60668.4,2026-08-12T12:53:00,2,IMPS,SUCCESS
TXN_100855,ACK20260900305,MUL2_ACC_0029,CASH_ATM_ATM_0065,55595.25,2026-08-12T13:23:00,3,ATM_CASH_WITHDRAWAL,COMPLETED
TXN_100856,ACK20260900306,VIC_ACC_0218,MUL1_ACC_0039,98372.0,2026-08-24T13:16:53,1,UPI,SUCCESS
TXN_100857,ACK20260900306,MUL1_ACC_0039,CASH_ATM_ATM_0119,98240.56,2026-08-24T17:06:32.104017,3,ATM_CASH_WITHDRAWAL,COMPLETED
TXN_100858,ACK20260900307,VIC_ACC_0193,MUL1_ACC_0073,59331.0,2026-08-03T00:39:40,1,UPI,SUCCESS
TXN_100859,ACK20260900307,MUL1_ACC_0073,CASH_ATM_ATM_0043,54501.49,2026-08-03T01:09:40,3,ATM_CASH_WITHDRAWAL,COMPLETED
TXN_100860,ACK20260900308,VIC_ACC_0284,MUL1_ACC_0072,487563.0,2026-08-16T02:04:52,1,UPI,SUCCESS
TXN_100861,ACK20260900308,MUL1_ACC_0072,MUL2_ACC_0002,421938.19,2026-08-16T02:06:52,2,IMPS,SUCCESS
TXN_100862,ACK20260900308,MUL2_ACC_0002,CASH_ATM_ATM_0067,420082.78,2026-08-16T03:47:23.393911,3,ATM_CASH_WITHDRAWAL,COMPLETED
TXN_100863,ACK20260900309,VIC_ACC_0242,MUL1_ACC_0032,59677.0,2026-08-04T20:43:57,1,UPI,SUCCESS
TXN_100864,ACK20260900309,MUL1_ACC_0032,MUL2_ACC_0018,56659.33,2026-08-04T21:16:57,2,IMPS,SUCCESS
TXN_100865,ACK20260900309,MUL2_ACC_0018,CASH_ATM_ATM_0015,54386.68,2026-08-04T22:25:56.804528,3,ATM_CASH_WITHDRAWAL,COMPLETED
TXN_100866,ACK20260900310,VIC_ACC_0247,MUL1_ACC_0048,409615.0,2026-08-19T14:04:16,1,UPI,SUCCESS
TXN_100867,ACK20260900310,MUL1_ACC_0048,MUL2_ACC_0002,354843.22,2026-08-19T14:22:16,2,IMPS,SUCCESS
TXN_100868,ACK20260900310,MUL2_ACC_0002,CASH_ATM_ATM_0010,324544.47,2026-08-19T20:05:27.899866,3,ATM_CASH_WITHDRAWAL,COMPLETED
TXN_100869,ACK20260900311,VIC_ACC_0070,MUL1_ACC_0007,269946.0,2026-08-12T05:08:17,1,UPI,SUCCESS
TXN_100870,ACK20260900311,MUL1_ACC_0007,MUL2_ACC_0005,234686.05,2026-08-12T05:42:17,2,IMPS,SUCCESS
TXN_100871,ACK20260900311,MUL2_ACC_0005,CASH_ATM_ATM_0040,229163.64,2026-08-12T12:55:13.560647,3,ATM_CASH_WITHDRAWAL,COMPLETED
TXN_100872,ACK20260900312,VIC_ACC_0086,MUL1_ACC_0013,192322.0,2026-08-18T11:04:20,1,UPI,SUCCESS
TXN_100873,ACK20260900312,MUL1_ACC_0013,MUL2_ACC_0010,166107.54,2026-08-18T11:06:20,2,IMPS,SUCCESS
TXN_100874,ACK20260900312,MUL2_ACC_0010,CASH_ATM_ATM_0068,155692.83,2026-08-18T12:04:29.341120,3,ATM_CASH_WITHDRAWAL,COMPLETED
TXN_100875,ACK20260900313,VIC_ACC_0175,MUL1_ACC_0072,313917.0,2026-08-30T05:16:13,1,UPI,SUCCESS
TXN_100876,ACK20260900313,MUL1_ACC_0072,MUL2_ACC_0034,279930.66,2026-08-30T05:25:13,2,IMPS,SUCCESS
TXN_100877,ACK20260900313,MUL2_ACC_0034,CASH_ATM_ATM_0015,255200.62,2026-08-30T06:39:17.482671,3,ATM_CASH_WITHDRAWAL,COMPLETED
TXN_100878,ACK20260900314,VIC_ACC_0009,MUL1_ACC_0067,23220.0,2026-08-16T11:32:44,1,UPI,SUCCESS
TXN_100879,ACK20260900314,MUL1_ACC_0067,CASH_ATM_ATM_0041,22546.38,2026-08-16T14:41:37.531665,3,ATM_CASH_WITHDRAWAL,COMPLETED
TXN_100880,ACK20260900315,VIC_ACC_0061,MUL1_ACC_0017,34697.0,2026-08-08T04:56:44,1,UPI,SUCCESS
TXN_100881,ACK20260900315,MUL1_ACC_0017,MUL2_ACC_0008,29557.7,2026-08-08T05:02:44,2,IMPS,SUCCESS
TXN_100882,ACK20260900315,MUL2_ACC_0008,CASH_ATM_ATM_0107,28840.44,2026-08-08T05:32:44,3,ATM_CASH_WITHDRAWAL,COMPLETED
TXN_100883,ACK20260900316,VIC_ACC_0056,MUL1_ACC_0006,66483.0,2026-08-02T21:34:37,1,UPI,SUCCESS
TXN_100884,ACK20260900316,MUL1_ACC_0006,MUL2_ACC_0001,61711.99,2026-08-02T21:42:37,2,IMPS,SUCCESS
TXN_100885,ACK20260900316,MUL2_ACC_0001,CASH_ATM_ATM_0049,59167.01,2026-08-03T03:53:50.906026,3,ATM_CASH_WITHDRAWAL,COMPLETED
TXN_100886,ACK20260900317,VIC_ACC_0180,MUL1_ACC_0079,50591.0,2026-08-01T02:13:54,1,UPI,SUCCESS
TXN_100887,ACK20260900317,MUL1_ACC_0079,MUL2_ACC_0005,47148.72,2026-08-01T02:21:54,2,IMPS,SUCCESS
TXN_100888,ACK20260900317,MUL2_ACC_0005,CASH_ATM_ATM_0002,44927.25,2026-08-01T03:41:56.895973,3,ATM_CASH_WITHDRAWAL,COMPLETED
TXN_100889,ACK20260900318,VIC_ACC_0145,MUL1_ACC_0047,141140.0,2026-08-06T17:12:46,1,UPI,SUCCESS
TXN_100890,ACK20260900318,MUL1_ACC_0047,MUL2_ACC_0029,122521.5,2026-08-06T17:20:46,2,IMPS,SUCCESS
TXN_100891,ACK20260900318,MUL2_ACC_0029,CASH_ATM_ATM_0078,122292.4,2026-08-06T19:23:47.993801,3,ATM_CASH_WITHDRAWAL,COMPLETED
TXN_100892,ACK20260900319,VIC_ACC_0264,MUL1_ACC_0018,114810.0,2026-08-08T13:15:48,1,UPI,SUCCESS
TXN_100893,ACK20260900319,MUL1_ACC_0018,MUL2_ACC_0019,98532.79,2026-08-08T13:19:48,2,IMPS,SUCCESS
TXN_100894,ACK20260900319,MUL2_ACC_0019,CASH_ATM_ATM_0108,89819.76,2026-08-08T14:16:43.425548,3,ATM_CASH_WITHDRAWAL,COMPLETED
TXN_100895,ACK20260900320,VIC_ACC_0160,MUL1_ACC_0009,43088.0,2026-08-22T14:29:35,1,UPI,SUCCESS
TXN_100896,ACK20260900320,MUL1_ACC_0009,CASH_ATM_ATM_0111,42825.52,2026-08-22T18:11:23.087630,3,ATM_CASH_WITHDRAWAL,COMPLETED
TXN_100897,ACK20260900321,VIC_ACC_0007,MUL1_ACC_0011,279668.0,2026-08-22T15:45:06,1,UPI,SUCCESS
TXN_100898,ACK20260900321,MUL1_ACC_0011,MUL2_ACC_0026,258453.28,2026-08-22T15:53:06,2,IMPS,SUCCESS
TXN_100899,ACK20260900321,MUL2_ACC_0026,CASH_ATM_ATM_0039,234280.41,2026-08-22T19:24:14.118431,3,ATM_CASH_WITHDRAWAL,COMPLETED
TXN_100900,ACK20260900322,VIC_ACC_0174,MUL1_ACC_0036,35522.0,2026-08-07T20:07:25,1,UPI,SUCCESS
TXN_100901,ACK20260900322,MUL1_ACC_0036,MUL2_ACC_0018,31458.63,2026-08-07T20:34:25,2,IMPS,SUCCESS
TXN_100902,ACK20260900322,MUL2_ACC_0018,CASH_ATM_ATM_0090,31419.38,2026-08-07T21:04:25,3,ATM_CASH_WITHDRAWAL,COMPLETED
TXN_100903,ACK20260900323,VIC_ACC_0076,MUL1_ACC_0018,306555.0,2026-08-25T14:07:07,1,UPI,SUCCESS
TXN_100904,ACK20260900323,MUL1_ACC_0018,MUL2_ACC_0004,275842.32,2026-08-25T14:13:07,2,IMPS,SUCCESS
TXN_100905,ACK20260900323,MUL2_ACC_0004,CASH_ATM_ATM_0003,275071.96,2026-08-25T17:31:16.495137,3,ATM_CASH_WITHDRAWAL,COMPLETED
TXN_100906,ACK20260900324,VIC_ACC_0168,MUL1_ACC_0064,448548.0,2026-08-05T09:52:39,1,UPI,SUCCESS
TXN_100907,ACK20260900324,MUL1_ACC_0064,MUL2_ACC_0019,403255.88,2026-08-05T10:25:39,2,IMPS,SUCCESS
TXN_100908,ACK20260900324,MUL2_ACC_0019,CASH_ATM_ATM_0063,384804.43,2026-08-05T10:55:39,3,ATM_CASH_WITHDRAWAL,COMPLETED
TXN_100909,ACK20260900325,VIC_ACC_0277,MUL1_ACC_0049,20615.0,2026-08-18T00:56:02,1,UPI,SUCCESS
TXN_100910,ACK20260900325,MUL1_ACC_0049,MUL2_ACC_0003,18670.32,2026-08-18T01:09:02,2,IMPS,SUCCESS
TXN_100911,ACK20260900325,MUL2_ACC_0003,CASH_ATM_ATM_0066,18455.05,2026-08-18T03:39:58.994672,3,ATM_CASH_WITHDRAWAL,COMPLETED
TXN_100912,ACK20260900326,VIC_ACC_0221,MUL1_ACC_0085,19336.0,2026-08-05T09:54:24,1,UPI,SUCCESS
TXN_100913,ACK20260900326,MUL1_ACC_0085,MUL2_ACC_0031,17522.78,2026-08-05T10:26:24,2,IMPS,SUCCESS
TXN_100914,ACK20260900326,MUL2_ACC_0031,CASH_ATM_ATM_0039,16658.36,2026-08-05T13:47:58.664100,3,ATM_CASH_WITHDRAWAL,COMPLETED
TXN_100915,ACK20260900327,VIC_ACC_0254,MUL1_ACC_0004,451851.0,2026-08-19T12:49:43,1,UPI,SUCCESS
TXN_100916,ACK20260900327,MUL1_ACC_0004,MUL2_ACC_0024,420653.1,2026-08-19T13:13:43,2,IMPS,SUCCESS
TXN_100917,ACK20260900327,MUL2_ACC_0024,CASH_ATM_ATM_0002,410775.91,2026-08-19T15:36:35.068851,3,ATM_CASH_WITHDRAWAL,COMPLETED
TXN_100918,ACK20260900328,VIC_ACC_0195,MUL1_ACC_0032,66041.0,2026-08-04T13:26:22,1,UPI,SUCCESS
TXN_100919,ACK20260900328,MUL1_ACC_0032,MUL2_ACC_0006,61873.42,2026-08-04T13:32:22,2,IMPS,SUCCESS
TXN_100920,ACK20260900328,MUL2_ACC_0006,CASH_ATM_ATM_0028,57774.89,2026-08-04T15:23:31.997455,3,ATM_CASH_WITHDRAWAL,COMPLETED
TXN_100921,ACK20260900329,VIC_ACC_0167,MUL1_ACC_0090,72470.0,2026-08-02T14:50:55,1,UPI,SUCCESS
TXN_100922,ACK20260900329,MUL1_ACC_0090,MUL2_ACC_0021,65732.85,2026-08-02T15:16:55,2,IMPS,SUCCESS
TXN_100923,ACK20260900329,MUL2_ACC_0021,CASH_ATM_ATM_0073,62923.02,2026-08-02T21:21:29.620523,3,ATM_CASH_WITHDRAWAL,COMPLETED
TXN_100924,ACK20260900330,VIC_ACC_0052,MUL1_ACC_0044,70898.0,2026-08-23T21:16:21,1,UPI,SUCCESS
TXN_100925,ACK20260900330,MUL1_ACC_0044,MUL2_ACC_0024,61693.73,2026-08-23T21:45:21,2,IMPS,SUCCESS
TXN_100926,ACK20260900330,MUL2_ACC_0024,CASH_ATM_ATM_0020,60708.98,2026-08-23T23:27:02.509631,3,ATM_CASH_WITHDRAWAL,COMPLETED
TXN_100927,ACK20260900331,VIC_ACC_0148,MUL1_ACC_0075,471843.0,2026-08-09T01:21:36,1,UPI,SUCCESS
TXN_100928,ACK20260900331,MUL1_ACC_0075,MUL2_ACC_0018,427793.07,2026-08-09T01:27:36,2,IMPS,SUCCESS
TXN_100929,ACK20260900331,MUL2_ACC_0018,CASH_ATM_ATM_0113,405345.41,2026-08-09T06:19:42.822891,3,ATM_CASH_WITHDRAWAL,COMPLETED
TXN_100930,ACK20260900332,VIC_ACC_0040,MUL1_ACC_0026,61742.0,2026-08-21T09:39:51,1,UPI,SUCCESS
TXN_100931,ACK20260900332,MUL1_ACC_0026,MUL2_ACC_0033,56627.05,2026-08-21T10:10:51,2,IMPS,SUCCESS
TXN_100932,ACK20260900332,MUL2_ACC_0033,CASH_ATM_ATM_0040,55952.6,2026-08-21T11:45:12.074126,3,ATM_CASH_WITHDRAWAL,COMPLETED
TXN_100933,ACK20260900333,VIC_ACC_0265,MUL1_ACC_0035,106613.0,2026-08-28T05:51:31,1,UPI,SUCCESS
TXN_100934,ACK20260900333,MUL1_ACC_0035,MUL2_ACC_0028,96189.12,2026-08-28T05:56:31,2,IMPS,SUCCESS
TXN_100935,ACK20260900333,MUL2_ACC_0028,CASH_ATM_ATM_0083,91018.83,2026-08-28T09:15:38.685953,3,ATM_CASH_WITHDRAWAL,COMPLETED
TXN_100936,ACK20260900334,VIC_ACC_0154,MUL1_ACC_0037,31680.0,2026-08-28T13:37:20,1,UPI,SUCCESS
TXN_100937,ACK20260900334,MUL1_ACC_0037,MUL2_ACC_0016,27683.52,2026-08-28T14:04:20,2,IMPS,SUCCESS
TXN_100938,ACK20260900334,MUL2_ACC_0016,CASH_ATM_ATM_0034,25446.46,2026-08-28T14:36:31.718729,3,ATM_CASH_WITHDRAWAL,COMPLETED
TXN_100939,ACK20260900335,VIC_ACC_0159,MUL1_ACC_0018,9850.0,2026-08-15T15:36:27,1,UPI,SUCCESS
TXN_100940,ACK20260900335,MUL1_ACC_0018,MUL2_ACC_0018,9007.13,2026-08-15T15:49:27,2,IMPS,SUCCESS
TXN_100941,ACK20260900335,MUL2_ACC_0018,CASH_ATM_ATM_0008,8974.51,2026-08-15T18:50:13.782539,3,ATM_CASH_WITHDRAWAL,COMPLETED
TXN_100942,ACK20260900336,VIC_ACC_0011,MUL1_ACC_0086,83335.0,2026-08-02T02:31:38,1,UPI,SUCCESS
TXN_100943,ACK20260900336,MUL1_ACC_0086,CASH_ATM_ATM_0087,82861.34,2026-08-02T09:03:57.784934,3,ATM_CASH_WITHDRAWAL,COMPLETED
TXN_100944,ACK20260900337,VIC_ACC_0072,MUL1_ACC_0075,142281.0,2026-08-08T03:49:47,1,UPI,SUCCESS
TXN_100945,ACK20260900337,MUL1_ACC_0075,CASH_ATM_ATM_0063,135116.46,2026-08-08T05:06:35.262863,3,ATM_CASH_WITHDRAWAL,COMPLETED
TXN_100946,ACK20260900338,VIC_ACC_0063,MUL1_ACC_0055,56111.0,2026-08-25T10:25:53,1,UPI,SUCCESS
TXN_100947,ACK20260900338,MUL1_ACC_0055,MUL2_ACC_0012,53136.69,2026-08-25T10:40:53,2,IMPS,SUCCESS
TXN_100948,ACK20260900338,MUL2_ACC_0012,CASH_ATM_ATM_0104,49992.99,2026-08-25T17:30:08.520486,3,ATM_CASH_WITHDRAWAL,COMPLETED
TXN_100949,ACK20260900339,VIC_ACC_0029,MUL1_ACC_0088,46482.0,2026-08-16T17:27:44,1,UPI,SUCCESS
TXN_100950,ACK20260900339,MUL1_ACC_0088,CASH_ATM_ATM_0032,43521.09,2026-08-16T19:05:09.117105,3,ATM_CASH_WITHDRAWAL,COMPLETED
TXN_100951,ACK20260900340,VIC_ACC_0158,MUL1_ACC_0089,130293.0,2026-08-01T21:12:38,1,UPI,SUCCESS
TXN_100952,ACK20260900340,MUL1_ACC_0089,MUL2_ACC_0016,117950.71,2026-08-01T21:30:38,2,IMPS,SUCCESS
TXN_100953,ACK20260900340,MUL2_ACC_0016,CASH_ATM_ATM_0068,113692.09,2026-08-01T22:08:58.178205,3,ATM_CASH_WITHDRAWAL,COMPLETED
TXN_100954,ACK20260900341,VIC_ACC_0063,MUL1_ACC_0012,21031.0,2026-08-18T08:09:28,1,UPI,SUCCESS
TXN_100955,ACK20260900341,MUL1_ACC_0012,CASH_ATM_ATM_0052,19553.41,2026-08-18T08:44:42.021744,3,ATM_CASH_WITHDRAWAL,COMPLETED
TXN_100956,ACK20260900342,VIC_ACC_0083,MUL1_ACC_0011,58253.0,2026-08-30T14:54:20,1,UPI,SUCCESS
TXN_100957,ACK20260900342,MUL1_ACC_0011,MUL2_ACC_0032,53807.96,2026-08-30T15:26:20,2,IMPS,SUCCESS
TXN_100958,ACK20260900342,MUL2_ACC_0032,CASH_ATM_ATM_0076,52287.27,2026-08-30T15:56:20,3,ATM_CASH_WITHDRAWAL,COMPLETED
TXN_100959,ACK20260900343,VIC_ACC_0052,MUL1_ACC_0071,13698.0,2026-08-27T05:56:16,1,UPI,SUCCESS
TXN_100960,ACK20260900343,MUL1_ACC_0071,MUL2_ACC_0002,12521.85,2026-08-27T06:01:16,2,IMPS,SUCCESS
TXN_100961,ACK20260900343,MUL2_ACC_0002,CASH_ATM_ATM_0037,12058.74,2026-08-27T07:36:29.982651,3,ATM_CASH_WITHDRAWAL,COMPLETED
TXN_100962,ACK20260900344,VIC_ACC_0070,MUL1_ACC_0021,46120.0,2026-08-01T12:16:40,1,UPI,SUCCESS
TXN_100963,ACK20260900344,MUL1_ACC_0021,MUL2_ACC_0009,42857.67,2026-08-01T12:44:40,2,IMPS,SUCCESS
TXN_100964,ACK20260900344,MUL2_ACC_0009,CASH_ATM_ATM_0074,40506.88,2026-08-01T13:14:40,3,ATM_CASH_WITHDRAWAL,COMPLETED
TXN_100965,ACK20260900345,VIC_ACC_0069,MUL1_ACC_0048,41935.0,2026-08-09T05:46:37,1,UPI,SUCCESS
TXN_100966,ACK20260900345,MUL1_ACC_0048,MUL2_ACC_0025,35731.7,2026-08-09T06:02:37,2,IMPS,SUCCESS
TXN_100967,ACK20260900345,MUL2_ACC_0025,CASH_ATM_ATM_0001,35456.97,2026-08-09T06:32:37,3,ATM_CASH_WITHDRAWAL,COMPLETED
TXN_100968,ACK20260900346,VIC_ACC_0118,MUL1_ACC_0052,111915.0,2026-08-30T02:39:12,1,UPI,SUCCESS
TXN_100969,ACK20260900346,MUL1_ACC_0052,MUL2_ACC_0017,96124.48,2026-08-30T02:50:12,2,IMPS,SUCCESS
TXN_100970,ACK20260900346,MUL2_ACC_0017,CASH_ATM_ATM_0083,88147.33,2026-08-30T10:53:55.057593,3,ATM_CASH_WITHDRAWAL,COMPLETED
TXN_100971,ACK20260900347,VIC_ACC_0008,MUL1_ACC_0029,483721.0,2026-08-23T16:39:49,1,UPI,SUCCESS
TXN_100972,ACK20260900347,MUL1_ACC_0029,MUL2_ACC_0018,447269.87,2026-08-23T16:59:49,2,IMPS,SUCCESS
TXN_100973,ACK20260900347,MUL2_ACC_0018,CASH_ATM_ATM_0089,408366.31,2026-08-24T07:28:22.468910,3,ATM_CASH_WITHDRAWAL,COMPLETED
TXN_100974,ACK20260900348,VIC_ACC_0111,MUL1_ACC_0004,59831.0,2026-08-27T09:51:43,1,UPI,SUCCESS
TXN_100975,ACK20260900348,MUL1_ACC_0004,CASH_ATM_ATM_0050,57543.54,2026-08-27T10:26:52.332987,3,ATM_CASH_WITHDRAWAL,COMPLETED
TXN_100976,ACK20260900349,VIC_ACC_0190,MUL1_ACC_0089,6352.0,2026-08-19T21:48:29,1,UPI,SUCCESS
TXN_100977,ACK20260900349,MUL1_ACC_0089,MUL2_ACC_0025,5866.77,2026-08-19T22:17:29,2,IMPS,SUCCESS
TXN_100978,ACK20260900349,MUL2_ACC_0025,CASH_ATM_ATM_0059,5322.95,2026-08-20T00:19:24.647337,3,ATM_CASH_WITHDRAWAL,COMPLETED
TXN_100979,ACK20260900350,VIC_ACC_0027,MUL1_ACC_0006,367914.0,2026-08-11T07:31:58,1,UPI,SUCCESS
TXN_100980,ACK20260900350,MUL1_ACC_0006,MUL2_ACC_0025,348691.37,2026-08-11T07:52:58,2,IMPS,SUCCESS
TXN_100981,ACK20260900350,MUL2_ACC_0025,CASH_ATM_ATM_0082,318433.27,2026-08-11T19:45:39.209459,3,ATM_CASH_WITHDRAWAL,COMPLETED
TXN_100982,ACK20260900351,VIC_ACC_0022,MUL1_ACC_0017,69597.0,2026-08-19T05:18:10,1,UPI,SUCCESS
TXN_100983,ACK20260900351,MUL1_ACC_0017,MUL2_ACC_0034,60144.31,2026-08-19T05:47:10,2,IMPS,SUCCESS
TXN_100984,ACK20260900351,MUL2_ACC_0034,CASH_ATM_ATM_0023,56014.02,2026-08-19T07:50:27.027485,3,ATM_CASH_WITHDRAWAL,COMPLETED
TXN_100985,ACK20260900352,VIC_ACC_0256,MUL1_ACC_0067,42083.0,2026-08-28T08:53:23,1,UPI,SUCCESS
TXN_100986,ACK20260900352,MUL1_ACC_0067,MUL2_ACC_0011,38871.52,2026-08-28T09:15:23,2,IMPS,SUCCESS
TXN_100987,ACK20260900352,MUL2_ACC_0011,CASH_ATM_ATM_0107,37952.89,2026-08-28T12:12:18.791317,3,ATM_CASH_WITHDRAWAL,COMPLETED
TXN_100988,ACK20260900353,VIC_ACC_0226,MUL1_ACC_0021,29004.0,2026-08-02T06:21:03,1,UPI,SUCCESS
TXN_100989,ACK20260900353,MUL1_ACC_0021,MUL2_ACC_0008,24771.71,2026-08-02T06:54:03,2,IMPS,SUCCESS
TXN_100990,ACK20260900353,MUL2_ACC_0008,CASH_ATM_ATM_0084,24744.01,2026-08-02T09:09:35.010126,3,ATM_CASH_WITHDRAWAL,COMPLETED
TXN_100991,ACK20260900354,VIC_ACC_0235,MUL1_ACC_0037,114830.0,2026-08-16T03:57:46,1,UPI,SUCCESS
TXN_100992,ACK20260900354,MUL1_ACC_0037,CASH_ATM_ATM_0114,112792.59,2026-08-16T11:06:09.793652,3,ATM_CASH_WITHDRAWAL,COMPLETED
TXN_100993,ACK20260900355,VIC_ACC_0300,MUL1_ACC_0064,144670.0,2026-08-07T18:11:33,1,UPI,SUCCESS
TXN_100994,ACK20260900355,MUL1_ACC_0064,MUL2_ACC_0022,127082.2,2026-08-07T18:14:33,2,IMPS,SUCCESS
TXN_100995,ACK20260900355,MUL2_ACC_0022,CASH_ATM_ATM_0024,119383.18,2026-08-07T19:22:18.300537,3,ATM_CASH_WITHDRAWAL,COMPLETED
TXN_100996,ACK20260900356,VIC_ACC_0055,MUL1_ACC_0062,291294.0,2026-08-27T10:17:01,1,UPI,SUCCESS
TXN_100997,ACK20260900356,MUL1_ACC_0062,MUL2_ACC_0018,257195.91,2026-08-27T10:19:01,2,IMPS,SUCCESS
TXN_100998,ACK20260900356,MUL2_ACC_0018,CASH_ATM_ATM_0013,248352.81,2026-08-27T17:17:17.413828,3,ATM_CASH_WITHDRAWAL,COMPLETED
TXN_100999,ACK20260900357,VIC_ACC_0167,MUL1_ACC_0083,21950.0,2026-08-31T23:51:58,1,UPI,SUCCESS
TXN_101000,ACK20260900357,MUL1_ACC_0083,MUL2_ACC_0004,19858.51,2026-08-31T23:57:58,2,IMPS,SUCCESS
TXN_101001,ACK20260900357,MUL2_ACC_0004,CASH_ATM_ATM_0085,18056.45,2026-09-01T04:59:14.426568,3,ATM_CASH_WITHDRAWAL,COMPLETED
TXN_101002,ACK20260900358,VIC_ACC_0123,MUL1_ACC_0037,26356.0,2026-08-31T12:16:01,1,UPI,SUCCESS
TXN_101003,ACK20260900358,MUL1_ACC_0037,MUL2_ACC_0010,23189.45,2026-08-31T12:25:01,2,IMPS,SUCCESS
TXN_101004,ACK20260900358,MUL2_ACC_0010,CASH_ATM_ATM_0094,22576.99,2026-08-31T19:26:26.236706,3,ATM_CASH_WITHDRAWAL,COMPLETED
TXN_101005,ACK20260900359,VIC_ACC_0068,MUL1_ACC_0050,72194.0,2026-08-12T21:14:53,1,UPI,SUCCESS
TXN_101006,ACK20260900359,MUL1_ACC_0050,MUL2_ACC_0028,66826.31,2026-08-12T21:21:53,2,IMPS,SUCCESS
TXN_101007,ACK20260900359,MUL2_ACC_0028,CASH_ATM_ATM_0078,64245.93,2026-08-13T00:20:50.856028,3,ATM_CASH_WITHDRAWAL,COMPLETED
TXN_101008,ACK20260900360,VIC_ACC_0219,MUL1_ACC_0020,404649.0,2026-08-03T01:47:21,1,UPI,SUCCESS
TXN_101009,ACK20260900360,MUL1_ACC_0020,MUL2_ACC_0034,355714.92,2026-08-03T01:54:21,2,IMPS,SUCCESS
TXN_101010,ACK20260900360,MUL2_ACC_0034,CASH_ATM_ATM_0092,322960.09,2026-08-03T04:24:20.334644,3,ATM_CASH_WITHDRAWAL,COMPLETED
TXN_101011,ACK20260900361,VIC_ACC_0154,MUL1_ACC_0073,37591.0,2026-08-05T04:44:57,1,UPI,SUCCESS
TXN_101012,ACK20260900361,MUL1_ACC_0073,MUL2_ACC_0003,32356.95,2026-08-05T05:18:57,2,IMPS,SUCCESS
TXN_101013,ACK20260900361,MUL2_ACC_0003,CASH_ATM_ATM_0095,30457.66,2026-08-05T09:23:21.656136,3,ATM_CASH_WITHDRAWAL,COMPLETED
TXN_101014,ACK20260900362,VIC_ACC_0292,MUL1_ACC_0015,92870.0,2026-08-27T08:34:16,1,UPI,SUCCESS
TXN_101015,ACK20260900362,MUL1_ACC_0015,MUL2_ACC_0012,86767.6,2026-08-27T08:47:16,2,IMPS,SUCCESS
TXN_101016,ACK20260900362,MUL2_ACC_0012,CASH_ATM_ATM_0013,78813.53,2026-08-27T10:20:33.954742,3,ATM_CASH_WITHDRAWAL,COMPLETED
TXN_101017,ACK20260900363,VIC_ACC_0153,MUL1_ACC_0044,63975.0,2026-08-11T19:01:29,1,UPI,SUCCESS
TXN_101018,ACK20260900363,MUL1_ACC_0044,CASH_ATM_ATM_0039,58927.81,2026-08-11T20:14:46.623757,3,ATM_CASH_WITHDRAWAL,COMPLETED
TXN_101019,ACK20260900364,VIC_ACC_0133,MUL1_ACC_0002,7348.0,2026-08-28T21:09:27,1,UPI,SUCCESS
TXN_101020,ACK20260900364,MUL1_ACC_0002,MUL2_ACC_0030,6884.18,2026-08-28T21:36:27,2,IMPS,SUCCESS
TXN_101021,ACK20260900364,MUL2_ACC_0030,CASH_ATM_ATM_0112,6404.21,2026-08-29T02:44:06.042181,3,ATM_CASH_WITHDRAWAL,COMPLETED
TXN_101022,ACK20260900365,VIC_ACC_0185,MUL1_ACC_0002,44669.0,2026-08-23T21:48:43,1,UPI,SUCCESS
TXN_101023,ACK20260900365,MUL1_ACC_0002,MUL2_ACC_0002,41805.77,2026-08-23T22:02:43,2,IMPS,SUCCESS
TXN_101024,ACK20260900365,MUL2_ACC_0002,CASH_ATM_ATM_0049,39636.54,2026-08-23T22:32:43,3,ATM_CASH_WITHDRAWAL,COMPLETED
TXN_101025,ACK20260900366,VIC_ACC_0124,MUL1_ACC_0019,30023.0,2026-08-14T21:02:50,1,UPI,SUCCESS
TXN_101026,ACK20260900366,MUL1_ACC_0019,MUL2_ACC_0008,28228.87,2026-08-14T21:14:50,2,IMPS,SUCCESS
TXN_101027,ACK20260900366,MUL2_ACC_0008,CASH_ATM_ATM_0105,28126.87,2026-08-14T21:44:50,3,ATM_CASH_WITHDRAWAL,COMPLETED
TXN_101028,ACK20260900367,VIC_ACC_0231,MUL1_ACC_0043,484871.0,2026-08-19T07:13:18,1,UPI,SUCCESS
TXN_101029,ACK20260900367,MUL1_ACC_0043,MUL2_ACC_0028,453287.29,2026-08-19T07:41:18,2,IMPS,SUCCESS
TXN_101030,ACK20260900367,MUL2_ACC_0028,CASH_ATM_ATM_0069,409636.5,2026-08-19T08:11:18,3,ATM_CASH_WITHDRAWAL,COMPLETED
TXN_101031,ACK20260900368,VIC_ACC_0263,MUL1_ACC_0003,171585.0,2026-08-19T23:46:59,1,UPI,SUCCESS
TXN_101032,ACK20260900368,MUL1_ACC_0003,MUL2_ACC_0005,161167.68,2026-08-20T00:05:59,2,IMPS,SUCCESS
TXN_101033,ACK20260900368,MUL2_ACC_0005,CASH_ATM_ATM_0096,159380.98,2026-08-20T00:35:59,3,ATM_CASH_WITHDRAWAL,COMPLETED
TXN_101034,ACK20260900369,VIC_ACC_0178,MUL1_ACC_0045,42750.0,2026-08-15T22:35:01,1,UPI,SUCCESS
TXN_101035,ACK20260900369,MUL1_ACC_0045,MUL2_ACC_0015,40277.92,2026-08-15T22:58:01,2,IMPS,SUCCESS
TXN_101036,ACK20260900369,MUL2_ACC_0015,CASH_ATM_ATM_0103,36778.41,2026-08-16T04:39:41.263393,3,ATM_CASH_WITHDRAWAL,COMPLETED
TXN_101037,ACK20260900370,VIC_ACC_0200,MUL1_ACC_0080,52219.0,2026-08-31T13:57:43,1,UPI,SUCCESS
TXN_101038,ACK20260900370,MUL1_ACC_0080,MUL2_ACC_0006,45060.28,2026-08-31T14:29:43,2,IMPS,SUCCESS
TXN_101039,ACK20260900370,MUL2_ACC_0006,CASH_ATM_ATM_0048,41258.61,2026-08-31T16:45:36.433363,3,ATM_CASH_WITHDRAWAL,COMPLETED
TXN_101040,ACK20260900371,VIC_ACC_0213,MUL1_ACC_0034,341939.0,2026-08-31T15:25:15,1,UPI,SUCCESS
TXN_101041,ACK20260900371,MUL1_ACC_0034,MUL2_ACC_0012,291741.33,2026-08-31T15:59:15,2,IMPS,SUCCESS
TXN_101042,ACK20260900371,MUL2_ACC_0012,CASH_ATM_ATM_0021,272420.32,2026-08-31T17:32:15.255600,3,ATM_CASH_WITHDRAWAL,COMPLETED
TXN_101043,ACK20260900372,VIC_ACC_0117,MUL1_ACC_0072,49606.0,2026-08-04T17:19:31,1,UPI,SUCCESS
TXN_101044,ACK20260900372,MUL1_ACC_0072,CASH_ATM_ATM_0118,47643.04,2026-08-04T19:24:48.858190,3,ATM_CASH_WITHDRAWAL,COMPLETED
TXN_101045,ACK20260900373,VIC_ACC_0026,MUL1_ACC_0014,18879.0,2026-08-30T15:05:29,1,UPI,SUCCESS
TXN_101046,ACK20260900373,MUL1_ACC_0014,MUL2_ACC_0033,16362.52,2026-08-30T15:13:29,2,IMPS,SUCCESS
TXN_101047,ACK20260900373,MUL2_ACC_0033,CASH_ATM_ATM_0027,16151.23,2026-08-30T16:11:38.970250,3,ATM_CASH_WITHDRAWAL,COMPLETED
TXN_101048,ACK20260900374,VIC_ACC_0081,MUL1_ACC_0020,70325.0,2026-08-24T09:56:28,1,UPI,SUCCESS
TXN_101049,ACK20260900374,MUL1_ACC_0020,MUL2_ACC_0009,65743.99,2026-08-24T10:05:28,2,IMPS,SUCCESS
TXN_101050,ACK20260900374,MUL2_ACC_0009,CASH_ATM_ATM_0103,65544.37,2026-08-24T12:39:40.472069,3,ATM_CASH_WITHDRAWAL,COMPLETED
TXN_101051,ACK20260900375,VIC_ACC_0004,MUL1_ACC_0054,27447.0,2026-08-08T15:27:18,1,UPI,SUCCESS
TXN_101052,ACK20260900375,MUL1_ACC_0054,MUL2_ACC_0016,25397.28,2026-08-08T15:38:18,2,IMPS,SUCCESS
TXN_101053,ACK20260900375,MUL2_ACC_0016,CASH_ATM_ATM_0119,23928.61,2026-08-08T16:48:32.170758,3,ATM_CASH_WITHDRAWAL,COMPLETED
TXN_101054,ACK20260900376,VIC_ACC_0220,MUL1_ACC_0002,52418.0,2026-08-14T14:09:29,1,UPI,SUCCESS
TXN_101055,ACK20260900376,MUL1_ACC_0002,CASH_ATM_ATM_0021,47620.59,2026-08-14T15:17:21.296185,3,ATM_CASH_WITHDRAWAL,COMPLETED
TXN_101056,ACK20260900377,VIC_ACC_0085,MUL1_ACC_0085,24785.0,2026-08-14T01:40:48,1,UPI,SUCCESS
TXN_101057,ACK20260900377,MUL1_ACC_0085,MUL2_ACC_0019,22063.61,2026-08-14T02:08:48,2,IMPS,SUCCESS
TXN_101058,ACK20260900377,MUL2_ACC_0019,CASH_ATM_ATM_0067,21449.25,2026-08-14T03:28:38.424179,3,ATM_CASH_WITHDRAWAL,COMPLETED
TXN_101059,ACK20260900378,VIC_ACC_0177,MUL1_ACC_0083,24249.0,2026-08-01T09:01:33,1,UPI,SUCCESS
TXN_101060,ACK20260900378,MUL1_ACC_0083,CASH_ATM_ATM_0103,23515.4,2026-08-01T10:20:29.687071,3,ATM_CASH_WITHDRAWAL,COMPLETED
TXN_101061,ACK20260900379,VIC_ACC_0208,MUL1_ACC_0017,9845.0,2026-08-25T07:05:19,1,UPI,SUCCESS
TXN_101062,ACK20260900379,MUL1_ACC_0017,CASH_ATM_ATM_0067,9070.92,2026-08-25T08:44:47.864573,3,ATM_CASH_WITHDRAWAL,COMPLETED
TXN_101063,ACK20260900380,VIC_ACC_0160,MUL1_ACC_0076,62279.0,2026-08-17T10:53:40,1,UPI,SUCCESS
TXN_101064,ACK20260900380,MUL1_ACC_0076,MUL2_ACC_0020,59083.81,2026-08-17T11:22:40,2,IMPS,SUCCESS
TXN_101065,ACK20260900380,MUL2_ACC_0020,CASH_ATM_ATM_0028,57500.28,2026-08-17T15:38:13.105597,3,ATM_CASH_WITHDRAWAL,COMPLETED
TXN_101066,ACK20260900381,VIC_ACC_0133,MUL1_ACC_0001,21351.0,2026-08-21T16:30:07,1,UPI,SUCCESS
TXN_101067,ACK20260900381,MUL1_ACC_0001,MUL2_ACC_0016,18896.35,2026-08-21T16:46:07,2,IMPS,SUCCESS
TXN_101068,ACK20260900381,MUL2_ACC_0016,CASH_ATM_ATM_0066,18266.95,2026-08-21T18:00:26.092737,3,ATM_CASH_WITHDRAWAL,COMPLETED
TXN_101069,ACK20260900382,VIC_ACC_0294,MUL1_ACC_0075,37457.0,2026-08-22T04:49:24,1,UPI,SUCCESS
TXN_101070,ACK20260900382,MUL1_ACC_0075,CASH_ATM_ATM_0084,35413.01,2026-08-22T06:23:08.211080,3,ATM_CASH_WITHDRAWAL,COMPLETED
TXN_101071,ACK20260900383,VIC_ACC_0218,MUL1_ACC_0058,60690.0,2026-08-27T13:07:05,1,UPI,SUCCESS
TXN_101072,ACK20260900383,MUL1_ACC_0058,MUL2_ACC_0034,55156.53,2026-08-27T13:34:05,2,IMPS,SUCCESS
TXN_101073,ACK20260900383,MUL2_ACC_0034,CASH_ATM_ATM_0113,53936.6,2026-08-27T14:23:17.294147,3,ATM_CASH_WITHDRAWAL,COMPLETED
TXN_101074,ACK20260900384,VIC_ACC_0300,MUL1_ACC_0065,59646.0,2026-08-16T20:30:28,1,UPI,SUCCESS
TXN_101075,ACK20260900384,MUL1_ACC_0065,MUL2_ACC_0030,56473.02,2026-08-16T20:40:28,2,IMPS,SUCCESS
TXN_101076,ACK20260900384,MUL2_ACC_0030,CASH_ATM_ATM_0118,55700.87,2026-08-17T03:19:20.977866,3,ATM_CASH_WITHDRAWAL,COMPLETED
TXN_101077,ACK20260900385,VIC_ACC_0109,MUL1_ACC_0015,53409.0,2026-08-15T15:04:47,1,UPI,SUCCESS
TXN_101078,ACK20260900385,MUL1_ACC_0015,MUL2_ACC_0019,48189.75,2026-08-15T15:08:47,2,IMPS,SUCCESS
TXN_101079,ACK20260900385,MUL2_ACC_0019,CASH_ATM_ATM_0028,45160.87,2026-08-15T15:59:48.995892,3,ATM_CASH_WITHDRAWAL,COMPLETED
TXN_101080,ACK20260900386,VIC_ACC_0156,MUL1_ACC_0007,23630.0,2026-08-10T15:16:50,1,UPI,SUCCESS
TXN_101081,ACK20260900386,MUL1_ACC_0007,CASH_ATM_ATM_0069,21776.42,2026-08-10T18:58:16.928861,3,ATM_CASH_WITHDRAWAL,COMPLETED
TXN_101082,ACK20260900387,VIC_ACC_0251,MUL1_ACC_0040,10856.0,2026-08-01T03:45:22,1,UPI,SUCCESS
TXN_101083,ACK20260900387,MUL1_ACC_0040,MUL2_ACC_0022,9743.51,2026-08-01T04:11:22,2,IMPS,SUCCESS
TXN_101084,ACK20260900387,MUL2_ACC_0022,CASH_ATM_ATM_0031,9511.57,2026-08-01T08:33:39.326552,3,ATM_CASH_WITHDRAWAL,COMPLETED
TXN_101085,ACK20260900388,VIC_ACC_0236,MUL1_ACC_0086,431610.0,2026-08-25T14:52:28,1,UPI,SUCCESS
TXN_101086,ACK20260900388,MUL1_ACC_0086,MUL2_ACC_0015,381499.99,2026-08-25T15:19:28,2,IMPS,SUCCESS
TXN_101087,ACK20260900388,MUL2_ACC_0015,CASH_ATM_ATM_0009,379900.72,2026-08-25T15:49:28,3,ATM_CASH_WITHDRAWAL,COMPLETED
TXN_101088,ACK20260900389,VIC_ACC_0143,MUL1_ACC_0083,45481.0,2026-08-21T03:04:10,1,UPI,SUCCESS
TXN_101089,ACK20260900389,MUL1_ACC_0083,MUL2_ACC_0035,43012.71,2026-08-21T03:09:10,2,IMPS,SUCCESS
TXN_101090,ACK20260900389,MUL2_ACC_0035,CASH_ATM_ATM_0116,39526.08,2026-08-21T03:39:10,3,ATM_CASH_WITHDRAWAL,COMPLETED
TXN_101091,ACK20260900390,VIC_ACC_0010,MUL1_ACC_0032,59947.0,2026-08-04T22:13:34,1,UPI,SUCCESS
TXN_101092,ACK20260900390,MUL1_ACC_0032,MUL2_ACC_0029,55792.2,2026-08-04T22:20:34,2,IMPS,SUCCESS
TXN_101093,ACK20260900390,MUL2_ACC_0029,CASH_ATM_ATM_0072,52454.7,2026-08-05T00:09:20.811129,3,ATM_CASH_WITHDRAWAL,COMPLETED
TXN_101094,ACK20260900391,VIC_ACC_0012,MUL1_ACC_0012,74193.0,2026-08-11T13:13:26,1,UPI,SUCCESS
TXN_101095,ACK20260900391,MUL1_ACC_0012,CASH_ATM_ATM_0037,68890.81,2026-08-12T00:48:37.319985,3,ATM_CASH_WITHDRAWAL,COMPLETED
TXN_101096,ACK20260900392,VIC_ACC_0046,MUL1_ACC_0004,12721.0,2026-08-05T09:38:43,1,UPI,SUCCESS
TXN_101097,ACK20260900392,MUL1_ACC_0004,MUL2_ACC_0025,11219.97,2026-08-05T09:46:43,2,IMPS,SUCCESS
TXN_101098,ACK20260900392,MUL2_ACC_0025,CASH_ATM_ATM_0095,11099.93,2026-08-05T14:58:01.988774,3,ATM_CASH_WITHDRAWAL,COMPLETED
TXN_101099,ACK20260900393,VIC_ACC_0062,MUL1_ACC_0050,35997.0,2026-08-02T06:17:48,1,UPI,SUCCESS
TXN_101100,ACK20260900393,MUL1_ACC_0050,MUL2_ACC_0021,32588.52,2026-08-02T06:48:48,2,IMPS,SUCCESS
TXN_101101,ACK20260900393,MUL2_ACC_0021,CASH_ATM_ATM_0017,30907.51,2026-08-02T07:18:48,3,ATM_CASH_WITHDRAWAL,COMPLETED
TXN_101102,ACK20260900394,VIC_ACC_0120,MUL1_ACC_0084,403945.0,2026-08-30T00:30:35,1,UPI,SUCCESS
TXN_101103,ACK20260900394,MUL1_ACC_0084,MUL2_ACC_0027,346742.69,2026-08-30T01:00:35,2,IMPS,SUCCESS
TXN_101104,ACK20260900394,MUL2_ACC_0027,CASH_ATM_ATM_0119,319123.14,2026-08-30T02:38:11.480796,3,ATM_CASH_WITHDRAWAL,COMPLETED
TXN_101105,ACK20260900395,VIC_ACC_0192,MUL1_ACC_0001,60542.0,2026-08-18T06:04:15,1,UPI,SUCCESS
TXN_101106,ACK20260900395,MUL1_ACC_0001,MUL2_ACC_0019,51463.99,2026-08-18T06:16:15,2,IMPS,SUCCESS
TXN_101107,ACK20260900395,MUL2_ACC_0019,CASH_ATM_ATM_0109,47724.12,2026-08-18T11:34:34.569489,3,ATM_CASH_WITHDRAWAL,COMPLETED
TXN_101108,ACK20260900396,VIC_ACC_0195,MUL1_ACC_0073,41872.0,2026-08-12T20:15:37,1,UPI,SUCCESS
TXN_101109,ACK20260900396,MUL1_ACC_0073,MUL2_ACC_0026,39068.66,2026-08-12T20:24:37,2,IMPS,SUCCESS
TXN_101110,ACK20260900396,MUL2_ACC_0026,CASH_ATM_ATM_0063,38593.11,2026-08-12T21:19:01.353195,3,ATM_CASH_WITHDRAWAL,COMPLETED
TXN_101111,ACK20260900397,VIC_ACC_0259,MUL1_ACC_0035,39257.0,2026-08-31T11:00:43,1,UPI,SUCCESS
TXN_101112,ACK20260900397,MUL1_ACC_0035,MUL2_ACC_0021,34195.3,2026-08-31T11:23:43,2,IMPS,SUCCESS
TXN_101113,ACK20260900397,MUL2_ACC_0021,CASH_ATM_ATM_0076,30830.05,2026-08-31T11:53:43,3,ATM_CASH_WITHDRAWAL,COMPLETED
TXN_101114,ACK20260900398,VIC_ACC_0002,MUL1_ACC_0090,108172.0,2026-08-20T15:12:57,1,UPI,SUCCESS
TXN_101115,ACK20260900398,MUL1_ACC_0090,MUL2_ACC_0026,100462.64,2026-08-20T15:19:57,2,IMPS,SUCCESS
TXN_101116,ACK20260900398,MUL2_ACC_0026,CASH_ATM_ATM_0015,95827.79,2026-08-20T16:13:34.842550,3,ATM_CASH_WITHDRAWAL,COMPLETED
TXN_101117,ACK20260900399,VIC_ACC_0228,MUL1_ACC_0016,51919.0,2026-08-22T03:30:52,1,UPI,SUCCESS
TXN_101118,ACK20260900399,MUL1_ACC_0016,MUL2_ACC_0013,44179.76,2026-08-22T04:00:52,2,IMPS,SUCCESS
TXN_101119,ACK20260900399,MUL2_ACC_0013,CASH_ATM_ATM_0003,43112.47,2026-08-22T07:02:11.562266,3,ATM_CASH_WITHDRAWAL,COMPLETED
TXN_101120,ACK20260900400,VIC_ACC_0184,MUL1_ACC_0030,59738.0,2026-08-07T03:00:39,1,UPI,SUCCESS
TXN_101121,ACK20260900400,MUL1_ACC_0030,CASH_ATM_ATM_0013,55441.38,2026-08-07T06:56:06.846479,3,ATM_CASH_WITHDRAWAL,COMPLETED
TXN_101122,ACK20260900401,VIC_ACC_0108,MUL1_ACC_0065,19541.0,2026-08-01T07:00:40,1,UPI,SUCCESS
TXN_101123,ACK20260900401,MUL1_ACC_0065,MUL2_ACC_0013,16737.57,2026-08-01T07:13:40,2,IMPS,SUCCESS
TXN_101124,ACK20260900401,MUL2_ACC_0013,CASH_ATM_ATM_0034,16312.39,2026-08-01T09:26:59.187328,3,ATM_CASH_WITHDRAWAL,COMPLETED
TXN_101125,ACK20260900402,VIC_ACC_0292,MUL1_ACC_0089,30146.0,2026-08-28T08:07:33,1,UPI,SUCCESS
TXN_101126,ACK20260900402,MUL1_ACC_0089,MUL2_ACC_0017,25629.99,2026-08-28T08:38:33,2,IMPS,SUCCESS
TXN_101127,ACK20260900402,MUL2_ACC_0017,CASH_ATM_ATM_0097,24709.79,2026-08-28T19:43:56.331126,3,ATM_CASH_WITHDRAWAL,COMPLETED
TXN_101128,ACK20260900403,VIC_ACC_0027,MUL1_ACC_0060,40918.0,2026-08-28T10:35:54,1,UPI,SUCCESS
TXN_101129,ACK20260900403,MUL1_ACC_0060,MUL2_ACC_0003,34972.47,2026-08-28T10:51:54,2,IMPS,SUCCESS
TXN_101130,ACK20260900403,MUL2_ACC_0003,CASH_ATM_ATM_0098,33337.19,2026-08-28T11:21:54,3,ATM_CASH_WITHDRAWAL,COMPLETED
TXN_101131,ACK20260900404,VIC_ACC_0201,MUL1_ACC_0010,8325.0,2026-08-07T10:20:56,1,UPI,SUCCESS
TXN_101132,ACK20260900404,MUL1_ACC_0010,MUL2_ACC_0011,7335.0,2026-08-07T10:43:56,2,IMPS,SUCCESS
TXN_101133,ACK20260900404,MUL2_ACC_0011,CASH_ATM_ATM_0026,6621.94,2026-08-07T12:43:01.101112,3,ATM_CASH_WITHDRAWAL,COMPLETED
TXN_101134,ACK20260900405,VIC_ACC_0013,MUL1_ACC_0044,179579.0,2026-08-19T21:13:21,1,UPI,SUCCESS
TXN_101135,ACK20260900405,MUL1_ACC_0044,MUL2_ACC_0022,166902.72,2026-08-19T21:48:21,2,IMPS,SUCCESS
TXN_101136,ACK20260900405,MUL2_ACC_0022,CASH_ATM_ATM_0021,163159.92,2026-08-20T09:07:37.896871,3,ATM_CASH_WITHDRAWAL,COMPLETED
TXN_101137,ACK20260900406,VIC_ACC_0049,MUL1_ACC_0041,147733.0,2026-08-21T14:52:07,1,UPI,SUCCESS
TXN_101138,ACK20260900406,MUL1_ACC_0041,CASH_ATM_ATM_0021,144521.97,2026-08-21T18:01:11.047923,3,ATM_CASH_WITHDRAWAL,COMPLETED
TXN_101139,ACK20260900407,VIC_ACC_0227,MUL1_ACC_0072,13623.0,2026-08-02T09:40:40,1,UPI,SUCCESS
TXN_101140,ACK20260900407,MUL1_ACC_0072,MUL2_ACC_0025,11710.1,2026-08-02T10:07:40,2,IMPS,SUCCESS
TXN_101141,ACK20260900407,MUL2_ACC_0025,CASH_ATM_ATM_0098,10812.07,2026-08-02T15:05:01.237419,3,ATM_CASH_WITHDRAWAL,COMPLETED
TXN_101142,ACK20260900408,VIC_ACC_0006,MUL1_ACC_0084,375169.0,2026-08-15T12:40:50,1,UPI,SUCCESS
TXN_101143,ACK20260900408,MUL1_ACC_0084,MUL2_ACC_0030,331206.46,2026-08-15T13:15:50,2,IMPS,SUCCESS
TXN_101144,ACK20260900408,MUL2_ACC_0030,CASH_ATM_ATM_0046,301663.06,2026-08-15T16:50:44.355561,3,ATM_CASH_WITHDRAWAL,COMPLETED
TXN_101145,ACK20260900409,VIC_ACC_0035,MUL1_ACC_0062,71702.0,2026-08-19T07:09:36,1,UPI,SUCCESS
TXN_101146,ACK20260900409,MUL1_ACC_0062,MUL2_ACC_0012,61933.84,2026-08-19T07:26:36,2,IMPS,SUCCESS
TXN_101147,ACK20260900409,MUL2_ACC_0012,CASH_ATM_ATM_0009,56115.1,2026-08-19T09:51:41.855909,3,ATM_CASH_WITHDRAWAL,COMPLETED
TXN_101148,ACK20260900410,VIC_ACC_0224,MUL1_ACC_0078,24087.0,2026-08-17T20:54:22,1,UPI,SUCCESS
TXN_101149,ACK20260900410,MUL1_ACC_0078,MUL2_ACC_0001,21886.51,2026-08-17T21:29:22,2,IMPS,SUCCESS
TXN_101150,ACK20260900410,MUL2_ACC_0001,CASH_ATM_ATM_0029,19823.31,2026-08-17T22:22:06.191125,3,ATM_CASH_WITHDRAWAL,COMPLETED
TXN_101151,ACK20260900411,VIC_ACC_0287,MUL1_ACC_0009,155052.0,2026-08-28T01:33:22,1,UPI,SUCCESS
TXN_101152,ACK20260900411,MUL1_ACC_0009,MUL2_ACC_0031,141093.63,2026-08-28T02:04:22,2,IMPS,SUCCESS
TXN_101153,ACK20260900411,MUL2_ACC_0031,CASH_ATM_ATM_0075,139005.57,2026-08-28T04:01:56.038820,3,ATM_CASH_WITHDRAWAL,COMPLETED
TXN_101154,ACK20260900412,VIC_ACC_0172,MUL1_ACC_0064,104970.0,2026-08-20T09:30:21,1,UPI,SUCCESS
TXN_101155,ACK20260900412,MUL1_ACC_0064,CASH_ATM_ATM_0052,101749.74,2026-08-20T10:41:56.605007,3,ATM_CASH_WITHDRAWAL,COMPLETED
TXN_101156,ACK20260900413,VIC_ACC_0110,MUL1_ACC_0052,473242.0,2026-08-08T15:50:49,1,UPI,SUCCESS
TXN_101157,ACK20260900413,MUL1_ACC_0052,CASH_ATM_ATM_0005,443087.83,2026-08-08T17:35:28.011889,3,ATM_CASH_WITHDRAWAL,COMPLETED
TXN_101158,ACK20260900414,VIC_ACC_0016,MUL1_ACC_0006,30480.0,2026-08-18T03:10:18,1,UPI,SUCCESS
TXN_101159,ACK20260900414,MUL1_ACC_0006,MUL2_ACC_0019,26575.34,2026-08-18T03:23:18,2,IMPS,SUCCESS
TXN_101160,ACK20260900414,MUL2_ACC_0019,CASH_ATM_ATM_0061,25828.14,2026-08-18T04:56:04.667408,3,ATM_CASH_WITHDRAWAL,COMPLETED
TXN_101161,ACK20260900415,VIC_ACC_0284,MUL1_ACC_0018,39313.0,2026-08-08T05:19:01,1,UPI,SUCCESS
TXN_101162,ACK20260900415,MUL1_ACC_0018,MUL2_ACC_0008,37096.2,2026-08-08T05:42:01,2,IMPS,SUCCESS
TXN_101163,ACK20260900415,MUL2_ACC_0008,CASH_ATM_ATM_0070,35078.92,2026-08-08T09:26:29.767770,3,ATM_CASH_WITHDRAWAL,COMPLETED
TXN_101164,ACK20260900416,VIC_ACC_0191,MUL1_ACC_0019,277393.0,2026-08-22T05:48:51,1,UPI,SUCCESS
TXN_101165,ACK20260900416,MUL1_ACC_0019,CASH_ATM_ATM_0047,254970.8,2026-08-22T06:18:51,3,ATM_CASH_WITHDRAWAL,COMPLETED
TXN_101166,ACK20260900417,VIC_ACC_0192,MUL1_ACC_0025,74219.0,2026-08-11T19:41:40,1,UPI,SUCCESS
TXN_101167,ACK20260900417,MUL1_ACC_0025,MUL2_ACC_0010,64920.63,2026-08-11T20:03:40,2,IMPS,SUCCESS
TXN_101168,ACK20260900417,MUL2_ACC_0010,CASH_ATM_ATM_0062,64095.17,2026-08-11T22:04:09.761684,3,ATM_CASH_WITHDRAWAL,COMPLETED
TXN_101169,ACK20260900418,VIC_ACC_0300,MUL1_ACC_0009,66691.0,2026-08-29T15:16:46,1,UPI,SUCCESS
TXN_101170,ACK20260900418,MUL1_ACC_0009,MUL2_ACC_0033,60012.48,2026-08-29T15:41:46,2,IMPS,SUCCESS
TXN_101171,ACK20260900418,MUL2_ACC_0033,CASH_ATM_ATM_0104,55085.45,2026-08-29T17:13:13.134594,3,ATM_CASH_WITHDRAWAL,COMPLETED
TXN_101172,ACK20260900419,VIC_ACC_0270,MUL1_ACC_0075,55171.0,2026-08-23T15:56:31,1,UPI,SUCCESS
TXN_101173,ACK20260900419,MUL1_ACC_0075,MUL2_ACC_0015,49389.52,2026-08-23T16:10:31,2,IMPS,SUCCESS
TXN_101174,ACK20260900419,MUL2_ACC_0015,CASH_ATM_ATM_0053,46405.9,2026-08-23T18:35:02.810769,3,ATM_CASH_WITHDRAWAL,COMPLETED
TXN_101175,ACK20260900420,VIC_ACC_0194,MUL1_ACC_0011,38361.0,2026-08-19T06:04:53,1,UPI,SUCCESS
TXN_101176,ACK20260900420,MUL1_ACC_0011,MUL2_ACC_0023,34846.99,2026-08-19T06:20:53,2,IMPS,SUCCESS
TXN_101177,ACK20260900420,MUL2_ACC_0023,CASH_ATM_ATM_0102,33147.37,2026-08-19T13:06:26.496051,3,ATM_CASH_WITHDRAWAL,COMPLETED
TXN_101178,ACK20260900421,VIC_ACC_0231,MUL1_ACC_0023,46552.0,2026-08-15T13:34:23,1,UPI,SUCCESS
TXN_101179,ACK20260900421,MUL1_ACC_0023,MUL2_ACC_0005,43765.75,2026-08-15T13:58:23,2,IMPS,SUCCESS
TXN_101180,ACK20260900421,MUL2_ACC_0005,CASH_ATM_ATM_0065,43076.89,2026-08-15T15:23:10.289363,3,ATM_CASH_WITHDRAWAL,COMPLETED
TXN_101181,ACK20260900422,VIC_ACC_0041,MUL1_ACC_0070,112174.0,2026-08-26T09:03:14,1,UPI,SUCCESS
TXN_101182,ACK20260900422,MUL1_ACC_0070,MUL2_ACC_0022,98743.58,2026-08-26T09:21:14,2,IMPS,SUCCESS
TXN_101183,ACK20260900422,MUL2_ACC_0022,CASH_ATM_ATM_0063,90751.69,2026-08-26T16:39:24.294163,3,ATM_CASH_WITHDRAWAL,COMPLETED
TXN_101184,ACK20260900423,VIC_ACC_0071,MUL1_ACC_0045,21118.0,2026-08-28T23:00:34,1,UPI,SUCCESS
TXN_101185,ACK20260900423,MUL1_ACC_0045,CASH_ATM_ATM_0090,20741.81,2026-08-28T23:30:34,3,ATM_CASH_WITHDRAWAL,COMPLETED
TXN_101186,ACK20260900424,VIC_ACC_0007,MUL1_ACC_0061,57101.0,2026-08-16T20:36:48,1,UPI,SUCCESS
TXN_101187,ACK20260900424,MUL1_ACC_0061,MUL2_ACC_0030,50481.05,2026-08-16T21:07:48,2,IMPS,SUCCESS
TXN_101188,ACK20260900424,MUL2_ACC_0030,CASH_ATM_ATM_0015,47013.38,2026-08-16T22:23:53.270112,3,ATM_CASH_WITHDRAWAL,COMPLETED
TXN_101189,ACK20260900425,VIC_ACC_0214,MUL1_ACC_0017,8945.0,2026-08-07T14:33:54,1,UPI,SUCCESS
TXN_101190,ACK20260900425,MUL1_ACC_0017,CASH_ATM_ATM_0002,8497.57,2026-08-07T16:29:14.809300,3,ATM_CASH_WITHDRAWAL,COMPLETED
TXN_101191,ACK20260900426,VIC_ACC_0182,MUL1_ACC_0039,119987.0,2026-08-11T07:32:27,1,UPI,SUCCESS
TXN_101192,ACK20260900426,MUL1_ACC_0039,MUL2_ACC_0003,103833.05,2026-08-11T07:42:27,2,IMPS,SUCCESS
TXN_101193,ACK20260900426,MUL2_ACC_0003,CASH_ATM_ATM_0076,99349.44,2026-08-11T08:24:32.306259,3,ATM_CASH_WITHDRAWAL,COMPLETED
TXN_101194,ACK20260900427,VIC_ACC_0294,MUL1_ACC_0061,13350.0,2026-08-28T12:26:13,1,UPI,SUCCESS
TXN_101195,ACK20260900427,MUL1_ACC_0061,MUL2_ACC_0029,11471.98,2026-08-28T12:47:13,2,IMPS,SUCCESS
TXN_101196,ACK20260900427,MUL2_ACC_0029,CASH_ATM_ATM_0025,11099.01,2026-08-28T15:54:46.753294,3,ATM_CASH_WITHDRAWAL,COMPLETED
TXN_101197,ACK20260900428,VIC_ACC_0251,MUL1_ACC_0085,42200.0,2026-08-01T05:21:04,1,UPI,SUCCESS
TXN_101198,ACK20260900428,MUL1_ACC_0085,MUL2_ACC_0004,38058.2,2026-08-01T05:46:04,2,IMPS,SUCCESS
TXN_101199,ACK20260900428,MUL2_ACC_0004,CASH_ATM_ATM_0036,35496.02,2026-08-01T06:24:31.153622,3,ATM_CASH_WITHDRAWAL,COMPLETED
TXN_101200,ACK20260900429,VIC_ACC_0201,MUL1_ACC_0027,67685.0,2026-08-06T03:11:34,1,UPI,SUCCESS
TXN_101201,ACK20260900429,MUL1_ACC_0027,CASH_ATM_ATM_0068,63841.85,2026-08-06T04:25:26.334371,3,ATM_CASH_WITHDRAWAL,COMPLETED
TXN_101202,ACK20260900430,VIC_ACC_0244,MUL1_ACC_0059,46604.0,2026-08-06T19:41:19,1,UPI,SUCCESS
TXN_101203,ACK20260900430,MUL1_ACC_0059,MUL2_ACC_0010,39911.53,2026-08-06T20:11:19,2,IMPS,SUCCESS
TXN_101204,ACK20260900430,MUL2_ACC_0010,CASH_ATM_ATM_0088,38334.42,2026-08-06T22:40:38.712265,3,ATM_CASH_WITHDRAWAL,COMPLETED
TXN_101205,ACK20260900431,VIC_ACC_0169,MUL1_ACC_0037,65646.0,2026-08-30T19:07:31,1,UPI,SUCCESS
TXN_101206,ACK20260900431,MUL1_ACC_0037,CASH_ATM_ATM_0102,61357.88,2026-08-30T23:30:37.618168,3,ATM_CASH_WITHDRAWAL,COMPLETED
TXN_101207,ACK20260900432,VIC_ACC_0153,MUL1_ACC_0056,59401.0,2026-08-13T20:00:51,1,UPI,SUCCESS
TXN_101208,ACK20260900432,MUL1_ACC_0056,MUL2_ACC_0012,52828.58,2026-08-13T20:08:51,2,IMPS,SUCCESS
TXN_101209,ACK20260900432,MUL2_ACC_0012,CASH_ATM_ATM_0008,48812.0,2026-08-14T03:04:17.129813,3,ATM_CASH_WITHDRAWAL,COMPLETED
TXN_101210,ACK20260900433,VIC_ACC_0141,MUL1_ACC_0064,13748.0,2026-08-29T20:41:18,1,UPI,SUCCESS
TXN_101211,ACK20260900433,MUL1_ACC_0064,CASH_ATM_ATM_0026,13741.56,2026-08-29T22:07:09.971617,3,ATM_CASH_WITHDRAWAL,COMPLETED
TXN_101212,ACK20260900434,VIC_ACC_0054,MUL1_ACC_0060,38130.0,2026-08-17T10:27:28,1,UPI,SUCCESS
TXN_101213,ACK20260900434,MUL1_ACC_0060,MUL2_ACC_0030,33720.87,2026-08-17T10:53:28,2,IMPS,SUCCESS
TXN_101214,ACK20260900434,MUL2_ACC_0030,CASH_ATM_ATM_0085,33234.52,2026-08-17T13:17:27.726021,3,ATM_CASH_WITHDRAWAL,COMPLETED
TXN_101215,ACK20260900435,VIC_ACC_0006,MUL1_ACC_0063,221500.0,2026-08-09T03:53:58,1,UPI,SUCCESS
TXN_101216,ACK20260900435,MUL1_ACC_0063,MUL2_ACC_0016,191381.67,2026-08-09T04:23:58,2,IMPS,SUCCESS
TXN_101217,ACK20260900435,MUL2_ACC_0016,CASH_ATM_ATM_0061,188349.47,2026-08-09T06:05:50.069020,3,ATM_CASH_WITHDRAWAL,COMPLETED
TXN_101218,ACK20260900436,VIC_ACC_0010,MUL1_ACC_0002,56229.0,2026-08-20T03:22:18,1,UPI,SUCCESS
TXN_101219,ACK20260900436,MUL1_ACC_0002,MUL2_ACC_0029,48795.19,2026-08-20T03:46:18,2,IMPS,SUCCESS
TXN_101220,ACK20260900436,MUL2_ACC_0029,CASH_ATM_ATM_0008,48271.56,2026-08-20T09:43:05.016973,3,ATM_CASH_WITHDRAWAL,COMPLETED
TXN_101221,ACK20260900437,VIC_ACC_0227,MUL1_ACC_0014,386074.0,2026-08-23T02:00:40,1,UPI,SUCCESS
TXN_101222,ACK20260900437,MUL1_ACC_0014,MUL2_ACC_0029,351258.05,2026-08-23T02:05:40,2,IMPS,SUCCESS
TXN_101223,ACK20260900437,MUL2_ACC_0029,CASH_ATM_ATM_0012,343263.76,2026-08-23T06:31:49.986517,3,ATM_CASH_WITHDRAWAL,COMPLETED
TXN_101224,ACK20260900438,VIC_ACC_0128,MUL1_ACC_0025,60270.0,2026-08-12T07:23:05,1,UPI,SUCCESS
TXN_101225,ACK20260900438,MUL1_ACC_0025,MUL2_ACC_0015,56032.56,2026-08-12T07:31:05,2,IMPS,SUCCESS
TXN_101226,ACK20260900438,MUL2_ACC_0015,CASH_ATM_ATM_0042,54486.13,2026-08-12T09:17:09.237238,3,ATM_CASH_WITHDRAWAL,COMPLETED
TXN_101227,ACK20260900439,VIC_ACC_0263,MUL1_ACC_0051,29844.0,2026-08-04T10:27:35,1,UPI,SUCCESS
TXN_101228,ACK20260900439,MUL1_ACC_0051,MUL2_ACC_0014,26431.57,2026-08-04T10:35:35,2,IMPS,SUCCESS
TXN_101229,ACK20260900439,MUL2_ACC_0014,CASH_ATM_ATM_0039,23828.05,2026-08-04T14:30:07.779296,3,ATM_CASH_WITHDRAWAL,COMPLETED
TXN_101230,ACK20260900440,VIC_ACC_0007,MUL1_ACC_0080,106240.0,2026-08-13T06:35:14,1,UPI,SUCCESS
TXN_101231,ACK20260900440,MUL1_ACC_0080,MUL2_ACC_0014,93507.5,2026-08-13T07:03:14,2,IMPS,SUCCESS
TXN_101232,ACK20260900440,MUL2_ACC_0014,CASH_ATM_ATM_0111,93349.5,2026-08-13T13:18:52.203055,3,ATM_CASH_WITHDRAWAL,COMPLETED
TXN_101233,ACK20260900441,VIC_ACC_0275,MUL1_ACC_0087,47513.0,2026-08-26T18:25:16,1,UPI,SUCCESS
TXN_101234,ACK20260900441,MUL1_ACC_0087,CASH_ATM_ATM_0033,44339.35,2026-08-26T19:42:12.677353,3,ATM_CASH_WITHDRAWAL,COMPLETED
TXN_101235,ACK20260900442,VIC_ACC_0163,MUL1_ACC_0058,22313.0,2026-08-28T21:37:04,1,UPI,SUCCESS
TXN_101236,ACK20260900442,MUL1_ACC_0058,MUL2_ACC_0015,20276.87,2026-08-28T22:11:04,2,IMPS,SUCCESS
TXN_101237,ACK20260900442,MUL2_ACC_0015,CASH_ATM_ATM_0004,18720.83,2026-08-28T23:59:55.838473,3,ATM_CASH_WITHDRAWAL,COMPLETED
TXN_101238,ACK20260900443,VIC_ACC_0064,MUL1_ACC_0048,101233.0,2026-08-10T07:55:27,1,UPI,SUCCESS
TXN_101239,ACK20260900443,MUL1_ACC_0048,MUL2_ACC_0010,88117.1,2026-08-10T08:21:27,2,IMPS,SUCCESS
TXN_101240,ACK20260900443,MUL2_ACC_0010,CASH_ATM_ATM_0014,81403.14,2026-08-10T08:51:27,3,ATM_CASH_WITHDRAWAL,COMPLETED
TXN_101241,ACK20260900444,VIC_ACC_0228,MUL1_ACC_0067,104358.0,2026-08-24T10:21:17,1,UPI,SUCCESS
TXN_101242,ACK20260900444,MUL1_ACC_0067,CASH_ATM_ATM_0069,101754.8,2026-08-24T13:51:22.535895,3,ATM_CASH_WITHDRAWAL,COMPLETED
TXN_101243,ACK20260900445,VIC_ACC_0170,MUL1_ACC_0078,37550.0,2026-08-11T07:27:34,1,UPI,SUCCESS
TXN_101244,ACK20260900445,MUL1_ACC_0078,MUL2_ACC_0021,33578.57,2026-08-11T07:40:34,2,IMPS,SUCCESS
TXN_101245,ACK20260900445,MUL2_ACC_0021,CASH_ATM_ATM_0006,30437.69,2026-08-11T08:48:55.630746,3,ATM_CASH_WITHDRAWAL,COMPLETED
TXN_101246,ACK20260900446,VIC_ACC_0099,MUL1_ACC_0027,98108.0,2026-08-02T20:13:13,1,UPI,SUCCESS
TXN_101247,ACK20260900446,MUL1_ACC_0027,MUL2_ACC_0028,86447.5,2026-08-02T20:44:13,2,IMPS,SUCCESS
TXN_101248,ACK20260900446,MUL2_ACC_0028,CASH_ATM_ATM_0043,79920.07,2026-08-03T09:05:23.031574,3,ATM_CASH_WITHDRAWAL,COMPLETED
TXN_101249,ACK20260900447,VIC_ACC_0128,MUL1_ACC_0011,31398.0,2026-08-10T09:42:28,1,UPI,SUCCESS
TXN_101250,ACK20260900447,MUL1_ACC_0011,MUL2_ACC_0011,28074.13,2026-08-10T10:14:28,2,IMPS,SUCCESS
TXN_101251,ACK20260900447,MUL2_ACC_0011,CASH_ATM_ATM_0114,26977.54,2026-08-10T12:09:50.979570,3,ATM_CASH_WITHDRAWAL,COMPLETED
TXN_101252,ACK20260900448,VIC_ACC_0080,MUL1_ACC_0077,274079.0,2026-08-27T15:10:48,1,UPI,SUCCESS
TXN_101253,ACK20260900448,MUL1_ACC_0077,MUL2_ACC_0012,243394.49,2026-08-27T15:28:48,2,IMPS,SUCCESS
TXN_101254,ACK20260900448,MUL2_ACC_0012,CASH_ATM_ATM_0069,230095.49,2026-08-27T17:47:21.343818,3,ATM_CASH_WITHDRAWAL,COMPLETED
TXN_101255,ACK20260900449,VIC_ACC_0247,MUL1_ACC_0002,152611.0,2026-08-03T10:22:45,1,UPI,SUCCESS
TXN_101256,ACK20260900449,MUL1_ACC_0002,MUL2_ACC_0024,135893.31,2026-08-03T10:55:45,2,IMPS,SUCCESS
TXN_101257,ACK20260900449,MUL2_ACC_0024,CASH_ATM_ATM_0092,135081.82,2026-08-03T14:10:05.359119,3,ATM_CASH_WITHDRAWAL,COMPLETED
TXN_101258,ACK20260900450,VIC_ACC_0192,MUL1_ACC_0016,14336.0,2026-08-13T15:26:41,1,UPI,SUCCESS
TXN_101259,ACK20260900450,MUL1_ACC_0016,CASH_ATM_ATM_0038,13180.85,2026-08-13T18:51:54.129138,3,ATM_CASH_WITHDRAWAL,COMPLETED
TXN_101260,ACK20260900451,VIC_ACC_0131,MUL1_ACC_0084,382912.0,2026-08-25T23:29:32,1,UPI,SUCCESS
TXN_101261,ACK20260900451,MUL1_ACC_0084,CASH_ATM_ATM_0054,353900.78,2026-08-26T03:47:03.634828,3,ATM_CASH_WITHDRAWAL,COMPLETED
TXN_101262,ACK20260900452,VIC_ACC_0186,MUL1_ACC_0088,24383.0,2026-08-21T22:46:01,1,UPI,SUCCESS
TXN_101263,ACK20260900452,MUL1_ACC_0088,MUL2_ACC_0011,21010.17,2026-08-21T22:48:01,2,IMPS,SUCCESS
TXN_101264,ACK20260900452,MUL2_ACC_0011,CASH_ATM_ATM_0016,20263.04,2026-08-22T05:50:14.930660,3,ATM_CASH_WITHDRAWAL,COMPLETED
TXN_101265,ACK20260900453,VIC_ACC_0204,MUL1_ACC_0033,29749.0,2026-08-23T19:09:05,1,UPI,SUCCESS
TXN_101266,ACK20260900453,MUL1_ACC_0033,MUL2_ACC_0035,27030.18,2026-08-23T19:35:05,2,IMPS,SUCCESS
TXN_101267,ACK20260900453,MUL2_ACC_0035,CASH_ATM_ATM_0094,26361.08,2026-08-23T23:48:43.011438,3,ATM_CASH_WITHDRAWAL,COMPLETED
TXN_101268,ACK20260900454,VIC_ACC_0046,MUL1_ACC_0051,23705.0,2026-08-04T20:48:49,1,UPI,SUCCESS
TXN_101269,ACK20260900454,MUL1_ACC_0051,MUL2_ACC_0011,20152.99,2026-08-04T21:21:49,2,IMPS,SUCCESS
TXN_101270,ACK20260900454,MUL2_ACC_0011,CASH_ATM_ATM_0016,19697.02,2026-08-04T22:23:06.008008,3,ATM_CASH_WITHDRAWAL,COMPLETED
TXN_101271,ACK20260900455,VIC_ACC_0214,MUL1_ACC_0026,142485.0,2026-08-21T09:54:27,1,UPI,SUCCESS
TXN_101272,ACK20260900455,MUL1_ACC_0026,MUL2_ACC_0008,129192.46,2026-08-21T10:24:27,2,IMPS,SUCCESS
TXN_101273,ACK20260900455,MUL2_ACC_0008,CASH_ATM_ATM_0044,118671.52,2026-08-21T11:08:19.403733,3,ATM_CASH_WITHDRAWAL,COMPLETED
TXN_101274,ACK20260900456,VIC_ACC_0094,MUL1_ACC_0014,62767.0,2026-08-26T06:30:57,1,UPI,SUCCESS
TXN_101275,ACK20260900456,MUL1_ACC_0014,MUL2_ACC_0006,53889.91,2026-08-26T06:50:57,2,IMPS,SUCCESS
TXN_101276,ACK20260900456,MUL2_ACC_0006,CASH_ATM_ATM_0026,49992.39,2026-08-26T08:50:28.898022,3,ATM_CASH_WITHDRAWAL,COMPLETED
TXN_101277,ACK20260900457,VIC_ACC_0300,MUL1_ACC_0086,6246.0,2026-08-08T15:41:43,1,UPI,SUCCESS
TXN_101278,ACK20260900457,MUL1_ACC_0086,MUL2_ACC_0003,5440.93,2026-08-08T15:49:43,2,IMPS,SUCCESS
TXN_101279,ACK20260900457,MUL2_ACC_0003,CASH_ATM_ATM_0007,5101.23,2026-08-08T19:22:55.153041,3,ATM_CASH_WITHDRAWAL,COMPLETED
TXN_101280,ACK20260900458,VIC_ACC_0137,MUL1_ACC_0088,366864.0,2026-08-30T15:45:48,1,UPI,SUCCESS
TXN_101281,ACK20260900458,MUL1_ACC_0088,MUL2_ACC_0021,346355.97,2026-08-30T16:02:48,2,IMPS,SUCCESS
TXN_101282,ACK20260900458,MUL2_ACC_0021,CASH_ATM_ATM_0087,324827.72,2026-08-30T16:32:48,3,ATM_CASH_WITHDRAWAL,COMPLETED
TXN_101283,ACK20260900459,VIC_ACC_0183,MUL1_ACC_0018,64889.0,2026-08-28T10:52:06,1,UPI,SUCCESS
TXN_101284,ACK20260900459,MUL1_ACC_0018,MUL2_ACC_0034,61327.0,2026-08-28T11:11:06,2,IMPS,SUCCESS
TXN_101285,ACK20260900459,MUL2_ACC_0034,CASH_ATM_ATM_0055,57453.77,2026-08-28T11:41:06,3,ATM_CASH_WITHDRAWAL,COMPLETED
TXN_101286,ACK20260900460,VIC_ACC_0244,MUL1_ACC_0003,149260.0,2026-08-17T13:53:12,1,UPI,SUCCESS
TXN_101287,ACK20260900460,MUL1_ACC_0003,MUL2_ACC_0003,136989.77,2026-08-17T14:15:12,2,IMPS,SUCCESS
TXN_101288,ACK20260900460,MUL2_ACC_0003,CASH_ATM_ATM_0054,131602.83,2026-08-17T14:45:12,3,ATM_CASH_WITHDRAWAL,COMPLETED
TXN_101289,ACK20260900461,VIC_ACC_0042,MUL1_ACC_0050,395159.0,2026-08-12T14:04:59,1,UPI,SUCCESS
TXN_101290,ACK20260900461,MUL1_ACC_0050,MUL2_ACC_0010,370510.33,2026-08-12T14:39:59,2,IMPS,SUCCESS
TXN_101291,ACK20260900461,MUL2_ACC_0010,CASH_ATM_ATM_0118,334635.51,2026-08-12T15:26:55.051311,3,ATM_CASH_WITHDRAWAL,COMPLETED
TXN_101292,ACK20260900462,VIC_ACC_0045,MUL1_ACC_0085,138108.0,2026-08-10T21:44:55,1,UPI,SUCCESS
TXN_101293,ACK20260900462,MUL1_ACC_0085,MUL2_ACC_0014,127794.82,2026-08-10T21:56:55,2,IMPS,SUCCESS
TXN_101294,ACK20260900462,MUL2_ACC_0014,CASH_ATM_ATM_0017,116363.19,2026-08-10T22:26:55,3,ATM_CASH_WITHDRAWAL,COMPLETED
TXN_101295,ACK20260900463,VIC_ACC_0015,MUL1_ACC_0061,33885.0,2026-08-06T11:12:24,1,UPI,SUCCESS
TXN_101296,ACK20260900463,MUL1_ACC_0061,MUL2_ACC_0009,29108.71,2026-08-06T11:45:24,2,IMPS,SUCCESS
TXN_101297,ACK20260900463,MUL2_ACC_0009,CASH_ATM_ATM_0075,28735.95,2026-08-06T12:51:09.582252,3,ATM_CASH_WITHDRAWAL,COMPLETED
TXN_101298,ACK20260900464,VIC_ACC_0034,MUL1_ACC_0034,62273.0,2026-08-21T10:26:58,1,UPI,SUCCESS
TXN_101299,ACK20260900464,MUL1_ACC_0034,MUL2_ACC_0008,55050.81,2026-08-21T10:33:58,2,IMPS,SUCCESS
TXN_101300,ACK20260900464,MUL2_ACC_0008,CASH_ATM_ATM_0048,53644.91,2026-08-21T12:41:10.691245,3,ATM_CASH_WITHDRAWAL,COMPLETED
TXN_101301,ACK20260900465,VIC_ACC_0189,MUL1_ACC_0025,45737.0,2026-08-05T10:38:36,1,UPI,SUCCESS
TXN_101302,ACK20260900465,MUL1_ACC_0025,MUL2_ACC_0028,42404.06,2026-08-05T11:00:36,2,IMPS,SUCCESS
TXN_101303,ACK20260900465,MUL2_ACC_0028,CASH_ATM_ATM_0035,40367.61,2026-08-05T13:03:19.117691,3,ATM_CASH_WITHDRAWAL,COMPLETED
TXN_101304,ACK20260900466,VIC_ACC_0114,MUL1_ACC_0029,61409.0,2026-08-04T12:08:34,1,UPI,SUCCESS
TXN_101305,ACK20260900466,MUL1_ACC_0029,MUL2_ACC_0010,53093.43,2026-08-04T12:28:34,2,IMPS,SUCCESS
TXN_101306,ACK20260900466,MUL2_ACC_0010,CASH_ATM_ATM_0008,50963.75,2026-08-04T12:58:34,3,ATM_CASH_WITHDRAWAL,COMPLETED
TXN_101307,ACK20260900467,VIC_ACC_0064,MUL1_ACC_0008,33272.0,2026-08-09T22:49:30,1,UPI,SUCCESS
TXN_101308,ACK20260900467,MUL1_ACC_0008,MUL2_ACC_0014,30611.6,2026-08-09T23:05:30,2,IMPS,SUCCESS
TXN_101309,ACK20260900467,MUL2_ACC_0014,CASH_ATM_ATM_0010,30376.37,2026-08-10T08:15:27.036884,3,ATM_CASH_WITHDRAWAL,COMPLETED
TXN_101310,ACK20260900468,VIC_ACC_0250,MUL1_ACC_0044,25865.0,2026-08-24T12:26:52,1,UPI,SUCCESS
TXN_101311,ACK20260900468,MUL1_ACC_0044,MUL2_ACC_0023,22996.73,2026-08-24T12:53:52,2,IMPS,SUCCESS
TXN_101312,ACK20260900468,MUL2_ACC_0023,CASH_ATM_ATM_0119,22368.35,2026-08-24T13:57:09.953374,3,ATM_CASH_WITHDRAWAL,COMPLETED
TXN_101313,ACK20260900469,VIC_ACC_0100,MUL1_ACC_0007,47391.0,2026-08-23T17:39:06,1,UPI,SUCCESS
TXN_101314,ACK20260900469,MUL1_ACC_0007,CASH_ATM_ATM_0069,44820.19,2026-08-23T23:32:27.825490,3,ATM_CASH_WITHDRAWAL,COMPLETED
TXN_101315,ACK20260900470,VIC_ACC_0071,MUL1_ACC_0084,32494.0,2026-08-15T22:31:18,1,UPI,SUCCESS
TXN_101316,ACK20260900470,MUL1_ACC_0084,MUL2_ACC_0007,28843.48,2026-08-15T22:42:18,2,IMPS,SUCCESS
TXN_101317,ACK20260900470,MUL2_ACC_0007,CASH_ATM_ATM_0092,27918.89,2026-08-15T23:42:42.070833,3,ATM_CASH_WITHDRAWAL,COMPLETED
TXN_101318,ACK20260900471,VIC_ACC_0029,MUL1_ACC_0076,20380.0,2026-08-04T11:37:11,1,UPI,SUCCESS
TXN_101319,ACK20260900471,MUL1_ACC_0076,CASH_ATM_ATM_0088,18841.31,2026-08-04T17:47:31.052762,3,ATM_CASH_WITHDRAWAL,COMPLETED
TXN_101320,ACK20260900472,VIC_ACC_0204,MUL1_ACC_0085,54200.0,2026-08-16T09:46:38,1,UPI,SUCCESS
TXN_101321,ACK20260900472,MUL1_ACC_0085,MUL2_ACC_0025,49497.25,2026-08-16T10:05:38,2,IMPS,SUCCESS
TXN_101322,ACK20260900472,MUL2_ACC_0025,CASH_ATM_ATM_0104,46365.67,2026-08-16T12:33:34.441143,3,ATM_CASH_WITHDRAWAL,COMPLETED
TXN_101323,ACK20260900473,VIC_ACC_0043,MUL1_ACC_0074,34482.0,2026-08-04T15:49:42,1,UPI,SUCCESS
TXN_101324,ACK20260900473,MUL1_ACC_0074,MUL2_ACC_0007,30633.67,2026-08-04T16:02:42,2,IMPS,SUCCESS
TXN_101325,ACK20260900473,MUL2_ACC_0007,CASH_ATM_ATM_0098,28484.3,2026-08-04T16:47:57.320916,3,ATM_CASH_WITHDRAWAL,COMPLETED
TXN_101326,ACK20260900474,VIC_ACC_0167,MUL1_ACC_0051,29233.0,2026-08-03T23:07:55,1,UPI,SUCCESS
TXN_101327,ACK20260900474,MUL1_ACC_0051,CASH_ATM_ATM_0115,27737.92,2026-08-04T03:57:39.715270,3,ATM_CASH_WITHDRAWAL,COMPLETED
TXN_101328,ACK20260900475,VIC_ACC_0300,MUL1_ACC_0085,115058.0,2026-08-18T23:07:50,1,UPI,SUCCESS
TXN_101329,ACK20260900475,MUL1_ACC_0085,MUL2_ACC_0012,104181.82,2026-08-18T23:09:50,2,IMPS,SUCCESS
TXN_101330,ACK20260900475,MUL2_ACC_0012,CASH_ATM_ATM_0076,95045.55,2026-08-18T23:51:19.012686,3,ATM_CASH_WITHDRAWAL,COMPLETED
TXN_101331,ACK20260900476,VIC_ACC_0106,MUL1_ACC_0039,9588.0,2026-08-21T05:11:35,1,UPI,SUCCESS
TXN_101332,ACK20260900476,MUL1_ACC_0039,CASH_ATM_ATM_0042,9034.82,2026-08-21T05:48:32.311294,3,ATM_CASH_WITHDRAWAL,COMPLETED
TXN_101333,ACK20260900477,VIC_ACC_0001,MUL1_ACC_0089,63316.0,2026-08-08T09:08:33,1,UPI,SUCCESS
TXN_101334,ACK20260900477,MUL1_ACC_0089,MUL2_ACC_0023,55147.22,2026-08-08T09:42:33,2,IMPS,SUCCESS
TXN_101335,ACK20260900477,MUL2_ACC_0023,CASH_ATM_ATM_0022,53286.65,2026-08-08T12:16:20.673013,3,ATM_CASH_WITHDRAWAL,COMPLETED
TXN_101336,ACK20260900478,VIC_ACC_0019,MUL1_ACC_0076,22590.0,2026-08-07T04:25:54,1,UPI,SUCCESS
TXN_101337,ACK20260900478,MUL1_ACC_0076,MUL2_ACC_0028,20443.61,2026-08-07T04:31:54,2,IMPS,SUCCESS
TXN_101338,ACK20260900478,MUL2_ACC_0028,CASH_ATM_ATM_0060,19179.75,2026-08-07T05:27:56.166886,3,ATM_CASH_WITHDRAWAL,COMPLETED
TXN_101339,ACK20260900479,VIC_ACC_0205,MUL1_ACC_0081,23775.0,2026-08-15T02:28:43,1,UPI,SUCCESS
TXN_101340,ACK20260900479,MUL1_ACC_0081,MUL2_ACC_0013,21548.81,2026-08-15T02:53:43,2,IMPS,SUCCESS
TXN_101341,ACK20260900479,MUL2_ACC_0013,CASH_ATM_ATM_0116,20697.51,2026-08-15T05:37:12.076400,3,ATM_CASH_WITHDRAWAL,COMPLETED
TXN_101342,ACK20260900480,VIC_ACC_0079,MUL1_ACC_0069,179760.0,2026-08-11T13:26:01,1,UPI,SUCCESS
TXN_101343,ACK20260900480,MUL1_ACC_0069,MUL2_ACC_0027,158716.53,2026-08-11T13:32:01,2,IMPS,SUCCESS
TXN_101344,ACK20260900480,MUL2_ACC_0027,CASH_ATM_ATM_0021,148603.42,2026-08-11T15:23:31.059040,3,ATM_CASH_WITHDRAWAL,COMPLETED
TXN_101345,ACK20260900481,VIC_ACC_0140,MUL1_ACC_0016,54434.0,2026-08-05T07:20:00,1,UPI,SUCCESS
TXN_101346,ACK20260900481,MUL1_ACC_0016,MUL2_ACC_0020,46788.97,2026-08-05T07:53:00,2,IMPS,SUCCESS
TXN_101347,ACK20260900481,MUL2_ACC_0020,CASH_ATM_ATM_0078,45387.43,2026-08-05T11:08:24.120187,3,ATM_CASH_WITHDRAWAL,COMPLETED
TXN_101348,ACK20260900482,VIC_ACC_0283,MUL1_ACC_0024,27380.0,2026-08-09T19:12:57,1,UPI,SUCCESS
TXN_101349,ACK20260900482,MUL1_ACC_0024,CASH_ATM_ATM_0086,25947.65,2026-08-09T20:01:27.466338,3,ATM_CASH_WITHDRAWAL,COMPLETED
TXN_101350,ACK20260900483,VIC_ACC_0005,MUL1_ACC_0035,21563.0,2026-08-22T16:46:09,1,UPI,SUCCESS
TXN_101351,ACK20260900483,MUL1_ACC_0035,CASH_ATM_ATM_0078,20932.29,2026-08-22T18:40:16.749804,3,ATM_CASH_WITHDRAWAL,COMPLETED
TXN_101352,ACK20260900484,VIC_ACC_0215,MUL1_ACC_0055,66428.0,2026-08-23T14:20:28,1,UPI,SUCCESS
TXN_101353,ACK20260900484,MUL1_ACC_0055,CASH_ATM_ATM_0053,61812.5,2026-08-23T18:25:29.410310,3,ATM_CASH_WITHDRAWAL,COMPLETED
TXN_101354,ACK20260900485,VIC_ACC_0157,MUL1_ACC_0012,15416.0,2026-08-14T10:57:05,1,UPI,SUCCESS
TXN_101355,ACK20260900485,MUL1_ACC_0012,MUL2_ACC_0006,13957.89,2026-08-14T11:17:05,2,IMPS,SUCCESS
TXN_101356,ACK20260900485,MUL2_ACC_0006,CASH_ATM_ATM_0112,13690.38,2026-08-14T17:46:20.223119,3,ATM_CASH_WITHDRAWAL,COMPLETED
TXN_101357,ACK20260900486,VIC_ACC_0218,MUL1_ACC_0087,67869.0,2026-08-22T17:14:46,1,UPI,SUCCESS
TXN_101358,ACK20260900486,MUL1_ACC_0087,MUL2_ACC_0008,57782.99,2026-08-22T17:41:46,2,IMPS,SUCCESS
TXN_101359,ACK20260900486,MUL2_ACC_0008,CASH_ATM_ATM_0045,57268.07,2026-08-22T18:24:19.485441,3,ATM_CASH_WITHDRAWAL,COMPLETED
TXN_101360,ACK20260900487,VIC_ACC_0218,MUL1_ACC_0088,116859.0,2026-08-23T17:57:22,1,UPI,SUCCESS
TXN_101361,ACK20260900487,MUL1_ACC_0088,MUL2_ACC_0029,107212.55,2026-08-23T18:09:22,2,IMPS,SUCCESS
TXN_101362,ACK20260900487,MUL2_ACC_0029,CASH_ATM_ATM_0117,106181.15,2026-08-24T02:16:40.106256,3,ATM_CASH_WITHDRAWAL,COMPLETED
TXN_101363,ACK20260900488,VIC_ACC_0188,MUL1_ACC_0048,60407.0,2026-08-27T04:34:22,1,UPI,SUCCESS
TXN_101364,ACK20260900488,MUL1_ACC_0048,MUL2_ACC_0016,53098.14,2026-08-27T04:43:22,2,IMPS,SUCCESS
TXN_101365,ACK20260900488,MUL2_ACC_0016,CASH_ATM_ATM_0108,49347.0,2026-08-27T05:13:22,3,ATM_CASH_WITHDRAWAL,COMPLETED
TXN_101366,ACK20260900489,VIC_ACC_0292,MUL1_ACC_0060,72571.0,2026-08-13T07:14:19,1,UPI,SUCCESS
TXN_101367,ACK20260900489,MUL1_ACC_0060,MUL2_ACC_0032,64267.02,2026-08-13T07:19:19,2,IMPS,SUCCESS
TXN_101368,ACK20260900489,MUL2_ACC_0032,CASH_ATM_ATM_0104,59951.82,2026-08-13T09:18:38.687722,3,ATM_CASH_WITHDRAWAL,COMPLETED
TXN_101369,ACK20260900490,VIC_ACC_0003,MUL1_ACC_0026,54647.0,2026-08-12T23:13:25,1,UPI,SUCCESS
TXN_101370,ACK20260900490,MUL1_ACC_0026,MUL2_ACC_0010,47126.71,2026-08-12T23:41:25,2,IMPS,SUCCESS
TXN_101371,ACK20260900490,MUL2_ACC_0010,CASH_ATM_ATM_0112,42446.61,2026-08-13T00:11:25,3,ATM_CASH_WITHDRAWAL,COMPLETED
TXN_101372,ACK20260900491,VIC_ACC_0129,MUL1_ACC_0069,52775.0,2026-08-08T15:38:23,1,UPI,SUCCESS
TXN_101373,ACK20260900491,MUL1_ACC_0069,MUL2_ACC_0029,45712.83,2026-08-08T16:08:23,2,IMPS,SUCCESS
TXN_101374,ACK20260900491,MUL2_ACC_0029,CASH_ATM_ATM_0080,44556.71,2026-08-08T20:27:26.700545,3,ATM_CASH_WITHDRAWAL,COMPLETED
TXN_101375,ACK20260900492,VIC_ACC_0102,MUL1_ACC_0005,56713.0,2026-08-04T06:21:02,1,UPI,SUCCESS
TXN_101376,ACK20260900492,MUL1_ACC_0005,MUL2_ACC_0031,48879.76,2026-08-04T06:40:02,2,IMPS,SUCCESS
TXN_101377,ACK20260900492,MUL2_ACC_0031,CASH_ATM_ATM_0108,46680.78,2026-08-04T07:10:02,3,ATM_CASH_WITHDRAWAL,COMPLETED
TXN_101378,ACK20260900493,VIC_ACC_0066,MUL1_ACC_0017,22225.0,2026-08-11T12:35:46,1,UPI,SUCCESS
TXN_101379,ACK20260900493,MUL1_ACC_0017,MUL2_ACC_0001,19006.91,2026-08-11T12:52:46,2,IMPS,SUCCESS
TXN_101380,ACK20260900493,MUL2_ACC_0001,CASH_ATM_ATM_0077,17922.88,2026-08-11T18:33:55.482055,3,ATM_CASH_WITHDRAWAL,COMPLETED
TXN_101381,ACK20260900494,VIC_ACC_0005,MUL1_ACC_0080,93313.0,2026-08-14T15:21:18,1,UPI,SUCCESS
TXN_101382,ACK20260900494,MUL1_ACC_0080,MUL2_ACC_0012,81939.44,2026-08-14T15:38:18,2,IMPS,SUCCESS
TXN_101383,ACK20260900494,MUL2_ACC_0012,CASH_ATM_ATM_0027,80826.43,2026-08-14T20:23:00.796773,3,ATM_CASH_WITHDRAWAL,COMPLETED
TXN_101384,ACK20260900495,VIC_ACC_0127,MUL1_ACC_0076,70841.0,2026-08-22T13:23:30,1,UPI,SUCCESS
TXN_101385,ACK20260900495,MUL1_ACC_0076,MUL2_ACC_0015,61152.05,2026-08-22T13:32:30,2,IMPS,SUCCESS
TXN_101386,ACK20260900495,MUL2_ACC_0015,CASH_ATM_ATM_0011,56711.57,2026-08-22T21:54:04.512386,3,ATM_CASH_WITHDRAWAL,COMPLETED
TXN_101387,ACK20260900496,VIC_ACC_0075,MUL1_ACC_0040,11678.0,2026-08-14T00:51:12,1,UPI,SUCCESS
TXN_101388,ACK20260900496,MUL1_ACC_0040,MUL2_ACC_0015,10318.89,2026-08-14T01:07:12,2,IMPS,SUCCESS
TXN_101389,ACK20260900496,MUL2_ACC_0015,CASH_ATM_ATM_0108,9350.31,2026-08-14T04:08:46.760544,3,ATM_CASH_WITHDRAWAL,COMPLETED
TXN_101390,ACK20260900497,VIC_ACC_0027,MUL1_ACC_0041,234037.0,2026-08-10T03:32:23,1,UPI,SUCCESS
TXN_101391,ACK20260900497,MUL1_ACC_0041,MUL2_ACC_0003,200151.5,2026-08-10T03:34:23,2,IMPS,SUCCESS
TXN_101392,ACK20260900497,MUL2_ACC_0003,CASH_ATM_ATM_0075,184379.11,2026-08-10T04:40:44.637131,3,ATM_CASH_WITHDRAWAL,COMPLETED
TXN_101393,ACK20260900498,VIC_ACC_0052,MUL1_ACC_0086,225260.0,2026-08-14T05:17:31,1,UPI,SUCCESS
TXN_101394,ACK20260900498,MUL1_ACC_0086,MUL2_ACC_0009,199593.17,2026-08-14T05:40:31,2,IMPS,SUCCESS
TXN_101395,ACK20260900498,MUL2_ACC_0009,CASH_ATM_ATM_0079,194462.27,2026-08-14T07:36:40.385938,3,ATM_CASH_WITHDRAWAL,COMPLETED
TXN_101396,ACK20260900499,VIC_ACC_0191,MUL1_ACC_0017,251352.0,2026-08-08T20:28:13,1,UPI,SUCCESS
TXN_101397,ACK20260900499,MUL1_ACC_0017,MUL2_ACC_0008,228392.54,2026-08-08T20:32:13,2,IMPS,SUCCESS
TXN_101398,ACK20260900499,MUL2_ACC_0008,CASH_ATM_ATM_0049,209959.61,2026-08-09T02:34:28.282758,3,ATM_CASH_WITHDRAWAL,COMPLETED
TXN_101399,ACK20260900500,VIC_ACC_0051,MUL1_ACC_0069,430292.0,2026-08-03T17:51:21,1,UPI,SUCCESS
TXN_101400,ACK20260900500,MUL1_ACC_0069,MUL2_ACC_0009,383743.55,2026-08-03T18:05:21,2,IMPS,SUCCESS
TXN_101401,ACK20260900500,MUL2_ACC_0009,CASH_ATM_ATM_0059,379583.26,2026-08-03T19:09:44.278215,3,ATM_CASH_WITHDRAWAL,COMPLETED
TXN_101402,ACK20260900501,VIC_ACC_0287,MUL1_ACC_0068,62163.0,2026-08-12T11:43:40,1,UPI,SUCCESS
TXN_101403,ACK20260900501,MUL1_ACC_0068,CASH_ATM_ATM_0007,56984.42,2026-08-12T12:28:09.506790,3,ATM_CASH_WITHDRAWAL,COMPLETED
TXN_101404,ACK20260900502,VIC_ACC_0067,MUL1_ACC_0066,57100.0,2026-08-10T01:38:03,1,UPI,SUCCESS
TXN_101405,ACK20260900502,MUL1_ACC_0066,MUL2_ACC_0033,51746.87,2026-08-10T02:04:03,2,IMPS,SUCCESS
TXN_101406,ACK20260900502,MUL2_ACC_0033,CASH_ATM_ATM_0087,48646.45,2026-08-10T05:51:49.180606,3,ATM_CASH_WITHDRAWAL,COMPLETED
TXN_101407,ACK20260900503,VIC_ACC_0095,MUL1_ACC_0065,6161.0,2026-08-01T05:48:13,1,UPI,SUCCESS
TXN_101408,ACK20260900503,MUL1_ACC_0065,MUL2_ACC_0017,5762.06,2026-08-01T06:09:13,2,IMPS,SUCCESS
TXN_101409,ACK20260900503,MUL2_ACC_0017,CASH_ATM_ATM_0069,5593.95,2026-08-01T06:39:13,3,ATM_CASH_WITHDRAWAL,COMPLETED
TXN_101410,ACK20260900504,VIC_ACC_0088,MUL1_ACC_0018,70494.0,2026-08-08T01:39:15,1,UPI,SUCCESS
TXN_101411,ACK20260900504,MUL1_ACC_0018,CASH_ATM_ATM_0012,67973.23,2026-08-08T02:42:21.714423,3,ATM_CASH_WITHDRAWAL,COMPLETED
TXN_101412,ACK20260900505,VIC_ACC_0108,MUL1_ACC_0034,53380.0,2026-08-18T03:12:41,1,UPI,SUCCESS
TXN_101413,ACK20260900505,MUL1_ACC_0034,MUL2_ACC_0019,50632.32,2026-08-18T03:34:41,2,IMPS,SUCCESS
TXN_101414,ACK20260900505,MUL2_ACC_0019,CASH_ATM_ATM_0002,49740.85,2026-08-18T04:56:36.567433,3,ATM_CASH_WITHDRAWAL,COMPLETED
TXN_101415,ACK20260900506,VIC_ACC_0144,MUL1_ACC_0084,18951.0,2026-08-06T08:06:34,1,UPI,SUCCESS
TXN_101416,ACK20260900506,MUL1_ACC_0084,CASH_ATM_ATM_0047,18603.91,2026-08-06T11:07:05.965461,3,ATM_CASH_WITHDRAWAL,COMPLETED
TXN_101417,ACK20260900507,VIC_ACC_0138,MUL1_ACC_0048,25400.0,2026-08-07T18:43:51,1,UPI,SUCCESS
TXN_101418,ACK20260900507,MUL1_ACC_0048,CASH_ATM_ATM_0017,24119.74,2026-08-07T19:13:51,3,ATM_CASH_WITHDRAWAL,COMPLETED
TXN_101419,ACK20260900508,VIC_ACC_0091,MUL1_ACC_0021,389510.0,2026-08-07T18:46:46,1,UPI,SUCCESS
TXN_101420,ACK20260900508,MUL1_ACC_0021,MUL2_ACC_0026,333788.81,2026-08-07T19:00:46,2,IMPS,SUCCESS
TXN_101421,ACK20260900508,MUL2_ACC_0026,CASH_ATM_ATM_0016,314642.52,2026-08-07T22:43:51.048644,3,ATM_CASH_WITHDRAWAL,COMPLETED
TXN_101422,ACK20260900509,VIC_ACC_0207,MUL1_ACC_0003,366299.0,2026-08-04T23:35:08,1,UPI,SUCCESS
TXN_101423,ACK20260900509,MUL1_ACC_0003,CASH_ATM_ATM_0014,334510.81,2026-08-05T02:29:09.962545,3,ATM_CASH_WITHDRAWAL,COMPLETED
TXN_101424,ACK20260900510,VIC_ACC_0138,MUL1_ACC_0011,18938.0,2026-08-05T20:42:00,1,UPI,SUCCESS
TXN_101425,ACK20260900510,MUL1_ACC_0011,MUL2_ACC_0029,16679.43,2026-08-05T20:54:00,2,IMPS,SUCCESS
TXN_101426,ACK20260900510,MUL2_ACC_0029,CASH_ATM_ATM_0109,15269.21,2026-08-06T13:15:51.327856,3,ATM_CASH_WITHDRAWAL,COMPLETED
TXN_101427,ACK20260900511,VIC_ACC_0137,MUL1_ACC_0066,18476.0,2026-08-21T17:22:01,1,UPI,SUCCESS
TXN_101428,ACK20260900511,MUL1_ACC_0066,CASH_ATM_ATM_0032,16630.64,2026-08-21T18:16:35.807929,3,ATM_CASH_WITHDRAWAL,COMPLETED
TXN_101429,ACK20260900512,VIC_ACC_0117,MUL1_ACC_0050,42597.0,2026-08-14T12:20:22,1,UPI,SUCCESS
TXN_101430,ACK20260900512,MUL1_ACC_0050,CASH_ATM_ATM_0022,40432.31,2026-08-14T14:57:53.174225,3,ATM_CASH_WITHDRAWAL,COMPLETED
TXN_101431,ACK20260900513,VIC_ACC_0115,MUL1_ACC_0006,48741.0,2026-08-04T09:32:04,1,UPI,SUCCESS
TXN_101432,ACK20260900513,MUL1_ACC_0006,MUL2_ACC_0028,43061.91,2026-08-04T10:07:04,2,IMPS,SUCCESS
TXN_101433,ACK20260900513,MUL2_ACC_0028,CASH_ATM_ATM_0042,41681.49,2026-08-04T12:14:26.368453,3,ATM_CASH_WITHDRAWAL,COMPLETED
TXN_101434,ACK20260900514,VIC_ACC_0155,MUL1_ACC_0034,40532.0,2026-08-20T09:35:56,1,UPI,SUCCESS
TXN_101435,ACK20260900514,MUL1_ACC_0034,CASH_ATM_ATM_0017,39676.19,2026-08-20T10:14:23.694269,3,ATM_CASH_WITHDRAWAL,COMPLETED
TXN_101436,ACK20260900515,VIC_ACC_0077,MUL1_ACC_0009,56196.0,2026-08-25T20:11:20,1,UPI,SUCCESS
TXN_101437,ACK20260900515,MUL1_ACC_0009,MUL2_ACC_0018,48274.88,2026-08-25T20:22:20,2,IMPS,SUCCESS
TXN_101438,ACK20260900515,MUL2_ACC_0018,CASH_ATM_ATM_0031,44325.38,2026-08-25T21:29:56.963611,3,ATM_CASH_WITHDRAWAL,COMPLETED
TXN_101439,ACK20260900516,VIC_ACC_0164,MUL1_ACC_0018,365486.0,2026-08-16T13:43:44,1,UPI,SUCCESS
TXN_101440,ACK20260900516,MUL1_ACC_0018,CASH_ATM_ATM_0055,342942.28,2026-08-16T18:00:11.771594,3,ATM_CASH_WITHDRAWAL,COMPLETED
TXN_101441,ACK20260900517,VIC_ACC_0276,MUL1_ACC_0068,251655.0,2026-08-18T15:44:34,1,UPI,SUCCESS
TXN_101442,ACK20260900517,MUL1_ACC_0068,MUL2_ACC_0015,219825.5,2026-08-18T15:51:34,2,IMPS,SUCCESS
TXN_101443,ACK20260900517,MUL2_ACC_0015,CASH_ATM_ATM_0007,202311.56,2026-08-18T16:21:34,3,ATM_CASH_WITHDRAWAL,COMPLETED
TXN_101444,ACK20260900518,VIC_ACC_0186,MUL1_ACC_0038,12808.0,2026-08-18T15:16:58,1,UPI,SUCCESS
TXN_101445,ACK20260900518,MUL1_ACC_0038,MUL2_ACC_0027,11156.71,2026-08-18T15:33:58,2,IMPS,SUCCESS
TXN_101446,ACK20260900518,MUL2_ACC_0027,CASH_ATM_ATM_0051,10103.37,2026-08-18T21:14:55.262839,3,ATM_CASH_WITHDRAWAL,COMPLETED
TXN_101447,ACK20260900519,VIC_ACC_0074,MUL1_ACC_0085,53717.0,2026-08-13T23:11:44,1,UPI,SUCCESS
TXN_101448,ACK20260900519,MUL1_ACC_0085,MUL2_ACC_0011,46448.48,2026-08-13T23:14:44,2,IMPS,SUCCESS
TXN_101449,ACK20260900519,MUL2_ACC_0011,CASH_ATM_ATM_0035,42170.54,2026-08-13T23:49:46.571935,3,ATM_CASH_WITHDRAWAL,COMPLETED
TXN_101450,ACK20260900520,VIC_ACC_0292,MUL1_ACC_0090,66573.0,2026-08-27T13:14:48,1,UPI,SUCCESS
TXN_101451,ACK20260900520,MUL1_ACC_0090,MUL2_ACC_0022,61789.04,2026-08-27T13:44:48,2,IMPS,SUCCESS
TXN_101452,ACK20260900520,MUL2_ACC_0022,CASH_ATM_ATM_0005,57382.05,2026-08-27T16:53:29.723621,3,ATM_CASH_WITHDRAWAL,COMPLETED
TXN_101453,ACK20260900521,VIC_ACC_0017,MUL1_ACC_0059,56955.0,2026-08-20T05:41:10,1,UPI,SUCCESS
TXN_101454,ACK20260900521,MUL1_ACC_0059,MUL2_ACC_0017,50154.77,2026-08-20T06:15:10,2,IMPS,SUCCESS
TXN_101455,ACK20260900521,MUL2_ACC_0017,CASH_ATM_ATM_0055,47264.2,2026-08-20T06:45:10,3,ATM_CASH_WITHDRAWAL,COMPLETED
TXN_101456,ACK20260900522,VIC_ACC_0048,MUL1_ACC_0051,57481.0,2026-08-17T12:11:47,1,UPI,SUCCESS
TXN_101457,ACK20260900522,MUL1_ACC_0051,CASH_ATM_ATM_0018,56426.56,2026-08-17T13:01:36.763668,3,ATM_CASH_WITHDRAWAL,COMPLETED
TXN_101458,ACK20260900523,VIC_ACC_0161,MUL1_ACC_0083,136415.0,2026-08-21T20:32:52,1,UPI,SUCCESS
TXN_101459,ACK20260900523,MUL1_ACC_0083,MUL2_ACC_0007,117014.18,2026-08-21T20:40:52,2,IMPS,SUCCESS
TXN_101460,ACK20260900523,MUL2_ACC_0007,CASH_ATM_ATM_0077,105640.97,2026-08-22T17:18:08.226200,3,ATM_CASH_WITHDRAWAL,COMPLETED
TXN_101461,ACK20260900524,VIC_ACC_0278,MUL1_ACC_0082,45516.0,2026-08-04T02:28:38,1,UPI,SUCCESS
TXN_101462,ACK20260900524,MUL1_ACC_0082,MUL2_ACC_0018,43133.98,2026-08-04T02:35:38,2,IMPS,SUCCESS
TXN_101463,ACK20260900524,MUL2_ACC_0018,CASH_ATM_ATM_0008,41252.21,2026-08-04T03:05:38,3,ATM_CASH_WITHDRAWAL,COMPLETED
TXN_101464,ACK20260900525,VIC_ACC_0024,MUL1_ACC_0065,51746.0,2026-08-02T10:09:19,1,UPI,SUCCESS
TXN_101465,ACK20260900525,MUL1_ACC_0065,MUL2_ACC_0026,49023.39,2026-08-02T10:33:19,2,IMPS,SUCCESS
TXN_101466,ACK20260900525,MUL2_ACC_0026,CASH_ATM_ATM_0027,45745.29,2026-08-02T11:03:19,3,ATM_CASH_WITHDRAWAL,COMPLETED
TXN_101467,ACK20260900526,VIC_ACC_0258,MUL1_ACC_0062,8104.0,2026-08-04T17:01:49,1,UPI,SUCCESS
TXN_101468,ACK20260900526,MUL1_ACC_0062,CASH_ATM_ATM_0011,7528.71,2026-08-04T17:31:49,3,ATM_CASH_WITHDRAWAL,COMPLETED
TXN_101469,ACK20260900527,VIC_ACC_0238,MUL1_ACC_0019,33265.0,2026-08-03T20:18:45,1,UPI,SUCCESS
TXN_101470,ACK20260900527,MUL1_ACC_0019,MUL2_ACC_0033,31576.07,2026-08-03T20:53:45,2,IMPS,SUCCESS
TXN_101471,ACK20260900527,MUL2_ACC_0033,CASH_ATM_ATM_0118,31355.75,2026-08-03T22:02:15.631973,3,ATM_CASH_WITHDRAWAL,COMPLETED
TXN_101472,ACK20260900528,VIC_ACC_0068,MUL1_ACC_0050,10244.0,2026-08-11T09:27:39,1,UPI,SUCCESS
TXN_101473,ACK20260900528,MUL1_ACC_0050,MUL2_ACC_0005,9288.13,2026-08-11T09:38:39,2,IMPS,SUCCESS
TXN_101474,ACK20260900528,MUL2_ACC_0005,CASH_ATM_ATM_0110,8449.79,2026-08-11T10:08:39,3,ATM_CASH_WITHDRAWAL,COMPLETED
TXN_101475,ACK20260900529,VIC_ACC_0159,MUL1_ACC_0009,46119.0,2026-08-18T02:36:06,1,UPI,SUCCESS
TXN_101476,ACK20260900529,MUL1_ACC_0009,MUL2_ACC_0023,39529.21,2026-08-18T02:43:06,2,IMPS,SUCCESS
TXN_101477,ACK20260900529,MUL2_ACC_0023,CASH_ATM_ATM_0099,36595.92,2026-08-18T03:32:44.189364,3,ATM_CASH_WITHDRAWAL,COMPLETED
TXN_101478,ACK20260900530,VIC_ACC_0132,MUL1_ACC_0047,114994.0,2026-08-25T14:55:59,1,UPI,SUCCESS
TXN_101479,ACK20260900530,MUL1_ACC_0047,MUL2_ACC_0027,102814.15,2026-08-25T15:05:59,2,IMPS,SUCCESS
TXN_101480,ACK20260900530,MUL2_ACC_0027,CASH_ATM_ATM_0116,101218.84,2026-08-25T15:41:19.961356,3,ATM_CASH_WITHDRAWAL,COMPLETED
TXN_101481,ACK20260900531,VIC_ACC_0192,MUL1_ACC_0083,39449.0,2026-08-03T21:27:32,1,UPI,SUCCESS
TXN_101482,ACK20260900531,MUL1_ACC_0083,MUL2_ACC_0016,34141.38,2026-08-03T21:29:32,2,IMPS,SUCCESS
TXN_101483,ACK20260900531,MUL2_ACC_0016,CASH_ATM_ATM_0026,31719.6,2026-08-04T03:11:32.935293,3,ATM_CASH_WITHDRAWAL,COMPLETED
TXN_101484,ACK20260900532,VIC_ACC_0205,MUL1_ACC_0083,17255.0,2026-08-28T02:23:24,1,UPI,SUCCESS
TXN_101485,ACK20260900532,MUL1_ACC_0083,CASH_ATM_ATM_0100,15717.78,2026-08-28T05:48:48.842558,3,ATM_CASH_WITHDRAWAL,COMPLETED
TXN_101486,ACK20260900533,VIC_ACC_0056,MUL1_ACC_0044,57628.0,2026-08-30T12:59:27,1,UPI,SUCCESS
TXN_101487,ACK20260900533,MUL1_ACC_0044,MUL2_ACC_0031,50588.02,2026-08-30T13:08:27,2,IMPS,SUCCESS
TXN_101488,ACK20260900533,MUL2_ACC_0031,CASH_ATM_ATM_0009,48286.68,2026-08-30T14:25:17.987173,3,ATM_CASH_WITHDRAWAL,COMPLETED
TXN_101489,ACK20260900534,VIC_ACC_0075,MUL1_ACC_0056,54844.0,2026-08-21T06:28:36,1,UPI,SUCCESS
TXN_101490,ACK20260900534,MUL1_ACC_0056,MUL2_ACC_0014,51842.09,2026-08-21T06:31:36,2,IMPS,SUCCESS
TXN_101491,ACK20260900534,MUL2_ACC_0014,CASH_ATM_ATM_0098,48056.83,2026-08-21T10:22:39.158084,3,ATM_CASH_WITHDRAWAL,COMPLETED
TXN_101492,ACK20260900535,VIC_ACC_0043,MUL1_ACC_0054,59103.0,2026-08-05T02:26:25,1,UPI,SUCCESS
TXN_101493,ACK20260900535,MUL1_ACC_0054,MUL2_ACC_0017,55146.34,2026-08-05T02:39:25,2,IMPS,SUCCESS
TXN_101494,ACK20260900535,MUL2_ACC_0017,CASH_ATM_ATM_0020,54567.06,2026-08-05T09:04:24.040496,3,ATM_CASH_WITHDRAWAL,COMPLETED
TXN_101495,ACK20260900536,VIC_ACC_0153,MUL1_ACC_0090,299298.0,2026-08-06T06:29:26,1,UPI,SUCCESS
TXN_101496,ACK20260900536,MUL1_ACC_0090,MUL2_ACC_0025,271191.18,2026-08-06T06:31:26,2,IMPS,SUCCESS
TXN_101497,ACK20260900536,MUL2_ACC_0025,CASH_ATM_ATM_0046,246182.17,2026-08-06T08:53:53.772934,3,ATM_CASH_WITHDRAWAL,COMPLETED
TXN_101498,ACK20260900537,VIC_ACC_0075,MUL1_ACC_0019,21859.0,2026-08-11T22:00:46,1,UPI,SUCCESS
TXN_101499,ACK20260900537,MUL1_ACC_0019,CASH_ATM_ATM_0022,21404.37,2026-08-11T23:50:26.120202,3,ATM_CASH_WITHDRAWAL,COMPLETED
TXN_101500,ACK20260900538,VIC_ACC_0135,MUL1_ACC_0013,103138.0,2026-08-17T23:01:28,1,UPI,SUCCESS
TXN_101501,ACK20260900538,MUL1_ACC_0013,MUL2_ACC_0013,94850.31,2026-08-17T23:29:28,2,IMPS,SUCCESS
TXN_101502,ACK20260900538,MUL2_ACC_0013,CASH_ATM_ATM_0038,91065.25,2026-08-18T00:15:23.337238,3,ATM_CASH_WITHDRAWAL,COMPLETED
TXN_101503,ACK20260900539,VIC_ACC_0108,MUL1_ACC_0039,53530.0,2026-08-31T06:58:36,1,UPI,SUCCESS
TXN_101504,ACK20260900539,MUL1_ACC_0039,MUL2_ACC_0008,48974.12,2026-08-31T07:31:36,2,IMPS,SUCCESS
TXN_101505,ACK20260900539,MUL2_ACC_0008,CASH_ATM_ATM_0104,46104.5,2026-08-31T08:26:26.360951,3,ATM_CASH_WITHDRAWAL,COMPLETED
TXN_101506,ACK20260900540,VIC_ACC_0278,MUL1_ACC_0023,142177.0,2026-08-14T16:57:21,1,UPI,SUCCESS
TXN_101507,ACK20260900540,MUL1_ACC_0023,MUL2_ACC_0035,126275.4,2026-08-14T17:26:21,2,IMPS,SUCCESS
TXN_101508,ACK20260900540,MUL2_ACC_0035,CASH_ATM_ATM_0094,121655.07,2026-08-14T20:24:00.759506,3,ATM_CASH_WITHDRAWAL,COMPLETED
TXN_101509,ACK20260900541,VIC_ACC_0051,MUL1_ACC_0080,100774.0,2026-08-03T03:20:41,1,UPI,SUCCESS
TXN_101510,ACK20260900541,MUL1_ACC_0080,MUL2_ACC_0029,91515.22,2026-08-03T03:54:41,2,IMPS,SUCCESS
TXN_101511,ACK20260900541,MUL2_ACC_0029,CASH_ATM_ATM_0010,88474.26,2026-08-03T10:01:33.706017,3,ATM_CASH_WITHDRAWAL,COMPLETED
TXN_101512,ACK20260900542,VIC_ACC_0109,MUL1_ACC_0045,30632.0,2026-08-08T14:48:24,1,UPI,SUCCESS
TXN_101513,ACK20260900542,MUL1_ACC_0045,CASH_ATM_ATM_0097,30350.17,2026-08-08T15:20:48.415247,3,ATM_CASH_WITHDRAWAL,COMPLETED
TXN_101514,ACK20260900543,VIC_ACC_0203,MUL1_ACC_0034,57172.0,2026-08-01T11:55:14,1,UPI,SUCCESS
TXN_101515,ACK20260900543,MUL1_ACC_0034,CASH_ATM_ATM_0093,55304.2,2026-08-01T14:46:06.621240,3,ATM_CASH_WITHDRAWAL,COMPLETED
TXN_101516,ACK20260900544,VIC_ACC_0213,MUL1_ACC_0041,73021.0,2026-08-02T00:07:09,1,UPI,SUCCESS
TXN_101517,ACK20260900544,MUL1_ACC_0041,MUL2_ACC_0028,66125.92,2026-08-02T00:24:09,2,IMPS,SUCCESS
TXN_101518,ACK20260900544,MUL2_ACC_0028,CASH_ATM_ATM_0090,60787.31,2026-08-02T01:16:27.761555,3,ATM_CASH_WITHDRAWAL,COMPLETED
TXN_101519,ACK20260900545,VIC_ACC_0027,MUL1_ACC_0041,71172.0,2026-08-26T18:36:08,1,UPI,SUCCESS
TXN_101520,ACK20260900545,MUL1_ACC_0041,MUL2_ACC_0015,65549.59,2026-08-26T18:44:08,2,IMPS,SUCCESS
TXN_101521,ACK20260900545,MUL2_ACC_0015,CASH_ATM_ATM_0033,62300.02,2026-08-26T19:14:08,3,ATM_CASH_WITHDRAWAL,COMPLETED
TXN_101522,ACK20260900546,VIC_ACC_0201,MUL1_ACC_0012,40847.0,2026-08-27T20:59:16,1,UPI,SUCCESS
TXN_101523,ACK20260900546,MUL1_ACC_0012,MUL2_ACC_0010,37244.7,2026-08-27T21:02:16,2,IMPS,SUCCESS
TXN_101524,ACK20260900546,MUL2_ACC_0010,CASH_ATM_ATM_0016,35649.86,2026-08-27T21:36:54.142163,3,ATM_CASH_WITHDRAWAL,COMPLETED
TXN_101525,ACK20260900547,VIC_ACC_0067,MUL1_ACC_0039,29452.0,2026-08-15T20:44:49,1,UPI,SUCCESS
TXN_101526,ACK20260900547,MUL1_ACC_0039,MUL2_ACC_0016,27303.16,2026-08-15T21:10:49,2,IMPS,SUCCESS
TXN_101527,ACK20260900547,MUL2_ACC_0016,CASH_ATM_ATM_0008,25323.58,2026-08-16T06:03:10.217724,3,ATM_CASH_WITHDRAWAL,COMPLETED
TXN_101528,ACK20260900548,VIC_ACC_0012,MUL1_ACC_0019,65178.0,2026-08-21T19:00:06,1,UPI,SUCCESS
TXN_101529,ACK20260900548,MUL1_ACC_0019,MUL2_ACC_0012,55905.66,2026-08-21T19:07:06,2,IMPS,SUCCESS
TXN_101530,ACK20260900548,MUL2_ACC_0012,CASH_ATM_ATM_0081,55417.71,2026-08-21T21:18:57.795725,3,ATM_CASH_WITHDRAWAL,COMPLETED
TXN_101531,ACK20260900549,VIC_ACC_0052,MUL1_ACC_0049,15002.0,2026-08-16T00:41:04,1,UPI,SUCCESS
TXN_101532,ACK20260900549,MUL1_ACC_0049,MUL2_ACC_0029,13021.45,2026-08-16T00:53:04,2,IMPS,SUCCESS
TXN_101533,ACK20260900549,MUL2_ACC_0029,CASH_ATM_ATM_0001,12895.97,2026-08-16T04:03:52.323839,3,ATM_CASH_WITHDRAWAL,COMPLETED
TXN_101534,ACK20260900550,VIC_ACC_0017,MUL1_ACC_0067,98642.0,2026-08-04T10:34:30,1,UPI,SUCCESS
TXN_101535,ACK20260900550,MUL1_ACC_0067,MUL2_ACC_0008,89824.5,2026-08-04T10:48:30,2,IMPS,SUCCESS
TXN_101536,ACK20260900550,MUL2_ACC_0008,CASH_ATM_ATM_0004,85494.91,2026-08-04T13:18:33.151207,3,ATM_CASH_WITHDRAWAL,COMPLETED
TXN_101537,ACK20260900551,VIC_ACC_0111,MUL1_ACC_0011,8866.0,2026-08-28T11:19:57,1,UPI,SUCCESS
TXN_101538,ACK20260900551,MUL1_ACC_0011,MUL2_ACC_0009,7778.73,2026-08-28T11:38:57,2,IMPS,SUCCESS
TXN_101539,ACK20260900551,MUL2_ACC_0009,CASH_ATM_ATM_0044,7742.35,2026-08-28T12:08:57,3,ATM_CASH_WITHDRAWAL,COMPLETED
TXN_101540,ACK20260900552,VIC_ACC_0283,MUL1_ACC_0033,62155.0,2026-08-21T09:32:47,1,UPI,SUCCESS
TXN_101541,ACK20260900552,MUL1_ACC_0033,MUL2_ACC_0018,53471.29,2026-08-21T09:59:47,2,IMPS,SUCCESS
TXN_101542,ACK20260900552,MUL2_ACC_0018,CASH_ATM_ATM_0067,49009.93,2026-08-21T10:36:34.050574,3,ATM_CASH_WITHDRAWAL,COMPLETED
TXN_101543,ACK20260900553,VIC_ACC_0250,MUL1_ACC_0050,46779.0,2026-08-14T14:34:38,1,UPI,SUCCESS
TXN_101544,ACK20260900553,MUL1_ACC_0050,MUL2_ACC_0023,43962.41,2026-08-14T14:59:38,2,IMPS,SUCCESS
TXN_101545,ACK20260900553,MUL2_ACC_0023,CASH_ATM_ATM_0018,41541.85,2026-08-14T18:16:28.091164,3,ATM_CASH_WITHDRAWAL,COMPLETED
TXN_101546,ACK20260900554,VIC_ACC_0262,MUL1_ACC_0015,74533.0,2026-08-09T18:29:18,1,UPI,SUCCESS
TXN_101547,ACK20260900554,MUL1_ACC_0015,CASH_ATM_ATM_0093,72974.49,2026-08-09T20:13:49.452410,3,ATM_CASH_WITHDRAWAL,COMPLETED
TXN_101548,ACK20260900555,VIC_ACC_0038,MUL1_ACC_0041,458690.0,2026-08-07T21:35:23,1,UPI,SUCCESS
TXN_101549,ACK20260900555,MUL1_ACC_0041,MUL2_ACC_0022,411232.86,2026-08-07T21:50:23,2,IMPS,SUCCESS
TXN_101550,ACK20260900555,MUL2_ACC_0022,CASH_ATM_ATM_0072,407068.88,2026-08-08T01:47:57.642300,3,ATM_CASH_WITHDRAWAL,COMPLETED
TXN_101551,ACK20260900556,VIC_ACC_0198,MUL1_ACC_0086,103959.0,2026-08-10T19:15:33,1,UPI,SUCCESS
TXN_101552,ACK20260900556,MUL1_ACC_0086,MUL2_ACC_0027,91668.79,2026-08-10T19:44:33,2,IMPS,SUCCESS
TXN_101553,ACK20260900556,MUL2_ACC_0027,CASH_ATM_ATM_0074,84318.33,2026-08-10T20:14:33,3,ATM_CASH_WITHDRAWAL,COMPLETED
TXN_101554,ACK20260900557,VIC_ACC_0253,MUL1_ACC_0042,21265.0,2026-08-16T01:27:26,1,UPI,SUCCESS
TXN_101555,ACK20260900557,MUL1_ACC_0042,MUL2_ACC_0002,18113.18,2026-08-16T01:47:26,2,IMPS,SUCCESS
TXN_101556,ACK20260900557,MUL2_ACC_0002,CASH_ATM_ATM_0003,17953.14,2026-08-16T03:16:18.923632,3,ATM_CASH_WITHDRAWAL,COMPLETED
TXN_101557,ACK20260900558,VIC_ACC_0207,MUL1_ACC_0061,49222.0,2026-08-02T18:00:33,1,UPI,SUCCESS
TXN_101558,ACK20260900558,MUL1_ACC_0061,CASH_ATM_ATM_0096,47859.8,2026-08-02T21:58:50.946222,3,ATM_CASH_WITHDRAWAL,COMPLETED
TXN_101559,ACK20260900559,VIC_ACC_0178,MUL1_ACC_0039,69725.0,2026-08-13T02:47:49,1,UPI,SUCCESS
TXN_101560,ACK20260900559,MUL1_ACC_0039,CASH_ATM_ATM_0109,68669.87,2026-08-13T03:57:16.463766,3,ATM_CASH_WITHDRAWAL,COMPLETED
TXN_101561,ACK20260900560,VIC_ACC_0063,MUL1_ACC_0018,34362.0,2026-08-27T11:41:06,1,UPI,SUCCESS
TXN_101562,ACK20260900560,MUL1_ACC_0018,CASH_ATM_ATM_0098,31703.55,2026-08-27T12:11:06,3,ATM_CASH_WITHDRAWAL,COMPLETED
TXN_101563,ACK20260900561,VIC_ACC_0189,MUL1_ACC_0007,39037.0,2026-08-27T17:05:59,1,UPI,SUCCESS
TXN_101564,ACK20260900561,MUL1_ACC_0007,MUL2_ACC_0022,34235.11,2026-08-27T17:31:59,2,IMPS,SUCCESS
TXN_101565,ACK20260900561,MUL2_ACC_0022,CASH_ATM_ATM_0041,33977.86,2026-08-28T03:07:33.709794,3,ATM_CASH_WITHDRAWAL,COMPLETED
TXN_101566,ACK20260900562,VIC_ACC_0062,MUL1_ACC_0086,495725.0,2026-08-05T10:57:09,1,UPI,SUCCESS
TXN_101567,ACK20260900562,MUL1_ACC_0086,MUL2_ACC_0016,454147.01,2026-08-05T11:29:09,2,IMPS,SUCCESS
TXN_101568,ACK20260900562,MUL2_ACC_0016,CASH_ATM_ATM_0059,423351.82,2026-08-05T23:32:28.555287,3,ATM_CASH_WITHDRAWAL,COMPLETED
TXN_101569,ACK20260900563,VIC_ACC_0116,MUL1_ACC_0085,66269.0,2026-08-03T09:00:18,1,UPI,SUCCESS
TXN_101570,ACK20260900563,MUL1_ACC_0085,MUL2_ACC_0014,56826.62,2026-08-03T09:06:18,2,IMPS,SUCCESS
TXN_101571,ACK20260900563,MUL2_ACC_0014,CASH_ATM_ATM_0109,51486.43,2026-08-03T12:54:02.119032,3,ATM_CASH_WITHDRAWAL,COMPLETED
TXN_101572,ACK20260900564,VIC_ACC_0111,MUL1_ACC_0068,49623.0,2026-08-15T12:21:31,1,UPI,SUCCESS
TXN_101573,ACK20260900564,MUL1_ACC_0068,CASH_ATM_ATM_0064,48176.55,2026-08-15T18:18:37.303618,3,ATM_CASH_WITHDRAWAL,COMPLETED
TXN_101574,ACK20260900565,VIC_ACC_0259,MUL1_ACC_0066,70538.0,2026-08-04T04:18:58,1,UPI,SUCCESS
TXN_101575,ACK20260900565,MUL1_ACC_0066,MUL2_ACC_0013,61917.12,2026-08-04T04:24:58,2,IMPS,SUCCESS
TXN_101576,ACK20260900565,MUL2_ACC_0013,CASH_ATM_ATM_0038,59974.57,2026-08-04T12:19:23.539556,3,ATM_CASH_WITHDRAWAL,COMPLETED
TXN_101577,ACK20260900566,VIC_ACC_0296,MUL1_ACC_0024,19444.0,2026-08-21T03:14:29,1,UPI,SUCCESS
TXN_101578,ACK20260900566,MUL1_ACC_0024,MUL2_ACC_0034,17211.74,2026-08-21T03:44:29,2,IMPS,SUCCESS
TXN_101579,ACK20260900566,MUL2_ACC_0034,CASH_ATM_ATM_0022,17085.97,2026-08-21T04:28:53.574860,3,ATM_CASH_WITHDRAWAL,COMPLETED
TXN_101580,ACK20260900567,VIC_ACC_0221,MUL1_ACC_0035,71574.0,2026-08-07T04:31:32,1,UPI,SUCCESS
TXN_101581,ACK20260900567,MUL1_ACC_0035,MUL2_ACC_0025,62225.95,2026-08-07T05:00:32,2,IMPS,SUCCESS
TXN_101582,ACK20260900567,MUL2_ACC_0025,CASH_ATM_ATM_0044,58509.14,2026-08-07T05:30:32,3,ATM_CASH_WITHDRAWAL,COMPLETED
TXN_101583,ACK20260900568,VIC_ACC_0272,MUL1_ACC_0015,407124.0,2026-08-20T15:37:27,1,UPI,SUCCESS
TXN_101584,ACK20260900568,MUL1_ACC_0015,MUL2_ACC_0003,355776.18,2026-08-20T15:56:27,2,IMPS,SUCCESS
TXN_101585,ACK20260900568,MUL2_ACC_0003,CASH_ATM_ATM_0028,329998.75,2026-08-20T17:11:20.061593,3,ATM_CASH_WITHDRAWAL,COMPLETED
TXN_101586,ACK20260900569,VIC_ACC_0208,MUL1_ACC_0045,69903.0,2026-08-13T12:17:14,1,UPI,SUCCESS
TXN_101587,ACK20260900569,MUL1_ACC_0045,MUL2_ACC_0019,60076.33,2026-08-13T12:19:14,2,IMPS,SUCCESS
TXN_101588,ACK20260900569,MUL2_ACC_0019,CASH_ATM_ATM_0113,59522.32,2026-08-13T13:47:45.277873,3,ATM_CASH_WITHDRAWAL,COMPLETED
TXN_101589,ACK20260900570,VIC_ACC_0157,MUL1_ACC_0043,109318.0,2026-08-28T22:30:10,1,UPI,SUCCESS
TXN_101590,ACK20260900570,MUL1_ACC_0043,MUL2_ACC_0001,97598.26,2026-08-28T23:02:10,2,IMPS,SUCCESS
TXN_101591,ACK20260900570,MUL2_ACC_0001,CASH_ATM_ATM_0007,89570.95,2026-08-29T07:02:20.889727,3,ATM_CASH_WITHDRAWAL,COMPLETED
TXN_101592,ACK20260900571,VIC_ACC_0040,MUL1_ACC_0063,51156.0,2026-08-06T22:02:54,1,UPI,SUCCESS
TXN_101593,ACK20260900571,MUL1_ACC_0063,MUL2_ACC_0008,47671.9,2026-08-06T22:06:54,2,IMPS,SUCCESS
TXN_101594,ACK20260900571,MUL2_ACC_0008,CASH_ATM_ATM_0066,46887.03,2026-08-07T01:07:30.579554,3,ATM_CASH_WITHDRAWAL,COMPLETED
TXN_101595,ACK20260900572,VIC_ACC_0086,MUL1_ACC_0058,209699.0,2026-08-25T04:57:06,1,UPI,SUCCESS
TXN_101596,ACK20260900572,MUL1_ACC_0058,MUL2_ACC_0035,192155.76,2026-08-25T05:15:06,2,IMPS,SUCCESS
TXN_101597,ACK20260900572,MUL2_ACC_0035,CASH_ATM_ATM_0062,179940.21,2026-08-25T09:57:04.324750,3,ATM_CASH_WITHDRAWAL,COMPLETED
TXN_101598,ACK20260900573,VIC_ACC_0181,MUL1_ACC_0067,68485.0,2026-08-10T22:33:57,1,UPI,SUCCESS
TXN_101599,ACK20260900573,MUL1_ACC_0067,MUL2_ACC_0010,64076.38,2026-08-10T23:01:57,2,IMPS,SUCCESS
TXN_101600,ACK20260900573,MUL2_ACC_0010,CASH_ATM_ATM_0035,59957.51,2026-08-10T23:41:43.125333,3,ATM_CASH_WITHDRAWAL,COMPLETED
TXN_101601,ACK20260900574,VIC_ACC_0296,MUL1_ACC_0014,16701.0,2026-08-24T22:32:23,1,UPI,SUCCESS
TXN_101602,ACK20260900574,MUL1_ACC_0014,CASH_ATM_ATM_0120,16532.69,2026-08-25T00:02:02.859111,3,ATM_CASH_WITHDRAWAL,COMPLETED
TXN_101603,ACK20260900575,VIC_ACC_0270,MUL1_ACC_0036,223641.0,2026-08-06T09:03:43,1,UPI,SUCCESS
TXN_101604,ACK20260900575,MUL1_ACC_0036,MUL2_ACC_0034,208750.35,2026-08-06T09:26:43,2,IMPS,SUCCESS
TXN_101605,ACK20260900575,MUL2_ACC_0034,CASH_ATM_ATM_0024,196923.8,2026-08-06T10:27:55.902224,3,ATM_CASH_WITHDRAWAL,COMPLETED
TXN_101606,ACK20260900576,VIC_ACC_0178,MUL1_ACC_0038,294484.0,2026-08-10T03:10:31,1,UPI,SUCCESS
TXN_101607,ACK20260900576,MUL1_ACC_0038,MUL2_ACC_0011,264647.61,2026-08-10T03:31:31,2,IMPS,SUCCESS
TXN_101608,ACK20260900576,MUL2_ACC_0011,CASH_ATM_ATM_0019,259348.97,2026-08-10T05:47:46.434611,3,ATM_CASH_WITHDRAWAL,COMPLETED
TXN_101609,ACK20260900577,VIC_ACC_0021,MUL1_ACC_0056,11972.0,2026-08-07T09:58:37,1,UPI,SUCCESS
TXN_101610,ACK20260900577,MUL1_ACC_0056,MUL2_ACC_0001,10477.22,2026-08-07T10:03:37,2,IMPS,SUCCESS
TXN_101611,ACK20260900577,MUL2_ACC_0001,CASH_ATM_ATM_0080,10350.15,2026-08-07T10:52:52.107933,3,ATM_CASH_WITHDRAWAL,COMPLETED
TXN_101612,ACK20260900578,VIC_ACC_0258,MUL1_ACC_0075,23696.0,2026-08-22T17:24:05,1,UPI,SUCCESS
TXN_101613,ACK20260900578,MUL1_ACC_0075,MUL2_ACC_0015,21262.84,2026-08-22T17:28:05,2,IMPS,SUCCESS
TXN_101614,ACK20260900578,MUL2_ACC_0015,CASH_ATM_ATM_0082,19665.42,2026-08-22T18:20:35.638744,3,ATM_CASH_WITHDRAWAL,COMPLETED
TXN_101615,ACK20260900579,VIC_ACC_0198,MUL1_ACC_0023,140611.0,2026-08-14T13:07:06,1,UPI,SUCCESS
TXN_101616,ACK20260900579,MUL1_ACC_0023,MUL2_ACC_0021,129127.6,2026-08-14T13:17:06,2,IMPS,SUCCESS
TXN_101617,ACK20260900579,MUL2_ACC_0021,CASH_ATM_ATM_0044,119443.29,2026-08-14T15:26:09.522460,3,ATM_CASH_WITHDRAWAL,COMPLETED
TXN_101618,ACK20260900580,VIC_ACC_0103,MUL1_ACC_0049,379420.0,2026-08-10T09:18:19,1,UPI,SUCCESS
TXN_101619,ACK20260900580,MUL1_ACC_0049,CASH_ATM_ATM_0094,345122.04,2026-08-10T09:48:19,3,ATM_CASH_WITHDRAWAL,COMPLETED
TXN_101620,ACK20260900581,VIC_ACC_0161,MUL1_ACC_0053,235699.0,2026-08-17T21:53:22,1,UPI,SUCCESS
TXN_101621,ACK20260900581,MUL1_ACC_0053,MUL2_ACC_0002,202428.41,2026-08-17T22:21:22,2,IMPS,SUCCESS
TXN_101622,ACK20260900581,MUL2_ACC_0002,CASH_ATM_ATM_0031,194639.14,2026-08-18T10:45:57.526896,3,ATM_CASH_WITHDRAWAL,COMPLETED
TXN_101623,ACK20260900582,VIC_ACC_0125,MUL1_ACC_0017,43449.0,2026-08-19T16:30:08,1,UPI,SUCCESS
TXN_101624,ACK20260900582,MUL1_ACC_0017,MUL2_ACC_0030,38931.26,2026-08-19T17:05:08,2,IMPS,SUCCESS
TXN_101625,ACK20260900582,MUL2_ACC_0030,CASH_ATM_ATM_0014,35367.72,2026-08-19T17:35:08,3,ATM_CASH_WITHDRAWAL,COMPLETED
TXN_101626,ACK20260900583,VIC_ACC_0055,MUL1_ACC_0016,68106.0,2026-08-11T19:18:52,1,UPI,SUCCESS
TXN_101627,ACK20260900583,MUL1_ACC_0016,MUL2_ACC_0033,62668.23,2026-08-11T19:23:52,2,IMPS,SUCCESS
TXN_101628,ACK20260900583,MUL2_ACC_0033,CASH_ATM_ATM_0117,57304.78,2026-08-11T20:55:50.643563,3,ATM_CASH_WITHDRAWAL,COMPLETED
TXN_101629,ACK20260900584,VIC_ACC_0254,MUL1_ACC_0040,131706.0,2026-08-05T08:09:43,1,UPI,SUCCESS
TXN_101630,ACK20260900584,MUL1_ACC_0040,CASH_ATM_ATM_0001,129145.86,2026-08-05T11:28:26.562939,3,ATM_CASH_WITHDRAWAL,COMPLETED
TXN_101631,ACK20260900585,VIC_ACC_0103,MUL1_ACC_0032,135330.0,2026-08-04T02:04:09,1,UPI,SUCCESS
TXN_101632,ACK20260900585,MUL1_ACC_0032,MUL2_ACC_0002,121036.66,2026-08-04T02:38:09,2,IMPS,SUCCESS
TXN_101633,ACK20260900585,MUL2_ACC_0002,CASH_ATM_ATM_0014,120141.53,2026-08-04T04:30:05.107425,3,ATM_CASH_WITHDRAWAL,COMPLETED
TXN_101634,ACK20260900586,VIC_ACC_0248,MUL1_ACC_0057,39114.0,2026-08-06T08:07:54,1,UPI,SUCCESS
TXN_101635,ACK20260900586,MUL1_ACC_0057,MUL2_ACC_0008,33818.93,2026-08-06T08:36:54,2,IMPS,SUCCESS
TXN_101636,ACK20260900586,MUL2_ACC_0008,CASH_ATM_ATM_0006,31062.04,2026-08-06T09:19:01.845333,3,ATM_CASH_WITHDRAWAL,COMPLETED
TXN_101637,ACK20260900587,VIC_ACC_0124,MUL1_ACC_0038,31260.0,2026-08-06T16:58:44,1,UPI,SUCCESS
TXN_101638,ACK20260900587,MUL1_ACC_0038,MUL2_ACC_0032,28658.23,2026-08-06T17:23:44,2,IMPS,SUCCESS
TXN_101639,ACK20260900587,MUL2_ACC_0032,CASH_ATM_ATM_0087,26898.1,2026-08-06T18:02:24.512348,3,ATM_CASH_WITHDRAWAL,COMPLETED
TXN_101640,ACK20260900588,VIC_ACC_0238,MUL1_ACC_0002,64910.0,2026-08-14T13:19:01,1,UPI,SUCCESS
TXN_101641,ACK20260900588,MUL1_ACC_0002,MUL2_ACC_0029,61068.03,2026-08-14T13:23:01,2,IMPS,SUCCESS
TXN_101642,ACK20260900588,MUL2_ACC_0029,CASH_ATM_ATM_0084,60840.84,2026-08-14T17:59:08.154912,3,ATM_CASH_WITHDRAWAL,COMPLETED
TXN_101643,ACK20260900589,VIC_ACC_0235,MUL1_ACC_0045,498706.0,2026-08-09T00:25:22,1,UPI,SUCCESS
TXN_101644,ACK20260900589,MUL1_ACC_0045,MUL2_ACC_0025,427030.27,2026-08-09T00:59:22,2,IMPS,SUCCESS
TXN_101645,ACK20260900589,MUL2_ACC_0025,CASH_ATM_ATM_0034,399353.03,2026-08-09T05:52:30.745535,3,ATM_CASH_WITHDRAWAL,COMPLETED
TXN_101646,ACK20260900590,VIC_ACC_0174,MUL1_ACC_0039,56482.0,2026-08-15T23:09:50,1,UPI,SUCCESS
TXN_101647,ACK20260900590,MUL1_ACC_0039,MUL2_ACC_0031,53446.4,2026-08-15T23:35:50,2,IMPS,SUCCESS
TXN_101648,ACK20260900590,MUL2_ACC_0031,CASH_ATM_ATM_0041,51180.48,2026-08-16T05:41:13.419851,3,ATM_CASH_WITHDRAWAL,COMPLETED
TXN_101649,ACK20260900591,VIC_ACC_0270,MUL1_ACC_0009,50625.0,2026-08-09T04:45:20,1,UPI,SUCCESS
TXN_101650,ACK20260900591,MUL1_ACC_0009,MUL2_ACC_0011,43519.99,2026-08-09T05:01:20,2,IMPS,SUCCESS
TXN_101651,ACK20260900591,MUL2_ACC_0011,CASH_ATM_ATM_0025,41341.53,2026-08-09T06:59:51.505836,3,ATM_CASH_WITHDRAWAL,COMPLETED
TXN_101652,ACK20260900592,VIC_ACC_0166,MUL1_ACC_0054,33819.0,2026-08-25T08:04:51,1,UPI,SUCCESS
TXN_101653,ACK20260900592,MUL1_ACC_0054,MUL2_ACC_0017,28872.69,2026-08-25T08:13:51,2,IMPS,SUCCESS
TXN_101654,ACK20260900592,MUL2_ACC_0017,CASH_ATM_ATM_0015,27260.23,2026-08-25T10:32:48.273632,3,ATM_CASH_WITHDRAWAL,COMPLETED
TXN_101655,ACK20260900593,VIC_ACC_0016,MUL1_ACC_0072,247986.0,2026-08-30T05:24:06,1,UPI,SUCCESS
TXN_101656,ACK20260900593,MUL1_ACC_0072,MUL2_ACC_0032,227622.61,2026-08-30T05:54:06,2,IMPS,SUCCESS
TXN_101657,ACK20260900593,MUL2_ACC_0032,CASH_ATM_ATM_0050,209439.95,2026-08-30T06:24:06,3,ATM_CASH_WITHDRAWAL,COMPLETED
TXN_101658,ACK20260900594,VIC_ACC_0271,MUL1_ACC_0001,17609.0,2026-08-26T06:11:37,1,UPI,SUCCESS
TXN_101659,ACK20260900594,MUL1_ACC_0001,MUL2_ACC_0035,15567.61,2026-08-26T06:17:37,2,IMPS,SUCCESS
TXN_101660,ACK20260900594,MUL2_ACC_0035,CASH_ATM_ATM_0113,14783.28,2026-08-26T12:01:22.740160,3,ATM_CASH_WITHDRAWAL,COMPLETED
TXN_101661,ACK20260900595,VIC_ACC_0293,MUL1_ACC_0055,23071.0,2026-08-27T15:43:22,1,UPI,SUCCESS
TXN_101662,ACK20260900595,MUL1_ACC_0055,MUL2_ACC_0005,19903.8,2026-08-27T15:50:22,2,IMPS,SUCCESS
TXN_101663,ACK20260900595,MUL2_ACC_0005,CASH_ATM_ATM_0118,18507.01,2026-08-28T08:04:32.962014,3,ATM_CASH_WITHDRAWAL,COMPLETED
TXN_101664,ACK20260900596,VIC_ACC_0119,MUL1_ACC_0050,34362.0,2026-08-02T19:46:21,1,UPI,SUCCESS
TXN_101665,ACK20260900596,MUL1_ACC_0050,MUL2_ACC_0011,29464.65,2026-08-02T20:06:21,2,IMPS,SUCCESS
TXN_101666,ACK20260900596,MUL2_ACC_0011,CASH_ATM_ATM_0055,29032.09,2026-08-02T20:36:21,3,ATM_CASH_WITHDRAWAL,COMPLETED
TXN_101667,ACK20260900597,VIC_ACC_0257,MUL1_ACC_0084,19532.0,2026-08-10T12:40:03,1,UPI,SUCCESS
TXN_101668,ACK20260900597,MUL1_ACC_0084,MUL2_ACC_0027,16993.84,2026-08-10T12:58:03,2,IMPS,SUCCESS
TXN_101669,ACK20260900597,MUL2_ACC_0027,CASH_ATM_ATM_0011,15531.16,2026-08-10T14:51:25.738890,3,ATM_CASH_WITHDRAWAL,COMPLETED
TXN_101670,ACK20260900598,VIC_ACC_0169,MUL1_ACC_0079,173531.0,2026-08-30T22:10:56,1,UPI,SUCCESS
TXN_101671,ACK20260900598,MUL1_ACC_0079,CASH_ATM_ATM_0010,162179.39,2026-08-31T06:10:14.692670,3,ATM_CASH_WITHDRAWAL,COMPLETED
TXN_101672,ACK20260900599,VIC_ACC_0214,MUL1_ACC_0014,67753.0,2026-08-20T23:40:59,1,UPI,SUCCESS
TXN_101673,ACK20260900599,MUL1_ACC_0014,MUL2_ACC_0015,60513.7,2026-08-21T00:04:59,2,IMPS,SUCCESS
TXN_101674,ACK20260900599,MUL2_ACC_0015,CASH_ATM_ATM_0064,59191.73,2026-08-21T00:42:21.220965,3,ATM_CASH_WITHDRAWAL,COMPLETED
TXN_101675,ACK20260900600,VIC_ACC_0117,MUL1_ACC_0071,54727.0,2026-08-01T01:09:49,1,UPI,SUCCESS
TXN_101676,ACK20260900600,MUL1_ACC_0071,MUL2_ACC_0025,48869.67,2026-08-01T01:19:49,2,IMPS,SUCCESS
TXN_101677,ACK20260900600,MUL2_ACC_0025,CASH_ATM_ATM_0096,46668.31,2026-08-01T01:49:49,3,ATM_CASH_WITHDRAWAL,COMPLETED
